{
    "report1": {
        "eval": {
            "The Training time is: ": "0.31703346172968544",
            "name": "Augsburg",
            "batchsize": 64,
            "epoch": 2,
            "LR": 0.0005,
            "seed": 0,
            "Best test acc": 0.7551287412643433,
            "oa": 0.7551287412643433,
            "aa": 0.356641186321432,
            "kappa": 0.6734794974327087,
            "classification": "[0.825560, 0.891444, 0.000000, 0.779484, 0.000000, 0.000000, 0.000000]"
        }
    },
    "report2_by_noise": {
        "additive_data": {
            "test": {
                "oa": 0.7506585717201233,
                "aa": 0.35369050426640636,
                "kappa": 0.668016254901886,
                "classification": "[0.809088, 0.887076, 0.000000, 0.779670, 0.000000, 0.000000, 0.000000]"
            }
        },
        "deadlines_data": {
            "test": {
                "oa": 0.7547775506973267,
                "aa": 0.35642947821586757,
                "kappa": 0.673053503036499,
                "classification": "[0.824542, 0.891073, 0.000000, 0.779391, 0.000000, 0.000000, 0.000000]"
            }
        },
        "kernal_data": {
            "test": {
                "oa": 0.7606845498085022,
                "aa": 0.3606490654018449,
                "kappa": 0.6803715229034424,
                "classification": "[0.849621, 0.892227, 0.000000, 0.782696, 0.000000, 0.000000, 0.000000]"
            }
        },
        "stripes_data": {
            "test": {
                "oa": 0.7549211978912354,
                "aa": 0.35648322800093085,
                "kappa": 0.6732210516929626,
                "classification": "[0.824542, 0.891403, 0.000000, 0.779438, 0.000000, 0.000000, 0.000000]"
            }
        },
        "poisson_data": {
            "test": {
                "oa": 0.7550808787345886,
                "aa": 0.3566088583668897,
                "kappa": 0.673420786857605,
                "classification": "[0.825375, 0.891403, 0.000000, 0.779484, 0.000000, 0.000000, 0.000000]"
            }
        },
        "salt_pepper_data": {
            "test": {
                "oa": 0.7546018958091736,
                "aa": 0.3563503290784018,
                "kappa": 0.6728475093841553,
                "classification": "[0.824264, 0.890331, 0.000000, 0.779857, 0.000000, 0.000000, 0.000000]"
            }
        },
        "zmguass_data": {
            "test": {
                "oa": 0.7510097622871399,
                "aa": 0.3539790642857988,
                "kappa": 0.6684562563896179,
                "classification": "[0.811123, 0.887199, 0.000000, 0.779531, 0.000000, 0.000000, 0.000000]"
            }
        }
    }
}