{
    "report1": {
        "eval": {
            "The Training time is: ": "22.092476642131807",
            "name": "Augsburg",
            "batchsize": 64,
            "epoch": 200,
            "LR": 0.0005,
            "seed": 0,
            "Best test acc": 0.9670801758766174,
            "oa": 0.9670801758766174,
            "aa": 0.8752783036054376,
            "kappa": 0.9533229470252991,
            "classification": "[0.977790, 0.985122, 0.927621, 0.976450, 0.750000, 0.813070, 0.696895]"
        }
    },
    "report2_by_noise": {
        "additive_data": {
            "test": {
                "oa": 0.15760652720928192,
                "aa": 0.22184620364986365,
                "kappa": 0.13017511367797852,
                "classification": "[0.579308, 0.000783, 0.011360, 0.117518, 0.000000, 0.000000, 0.843954]"
            }
        },
        "deadlines_data": {
            "test": {
                "oa": 0.29420310258865356,
                "aa": 0.2503223767109581,
                "kappa": 0.23099395632743835,
                "classification": "[0.505367, 0.151088, 0.226874, 0.371730, 0.000000, 0.069909, 0.427288]"
            }
        },
        "kernal_data": {
            "test": {
                "oa": 0.8021616339683533,
                "aa": 0.5794340740317379,
                "kappa": 0.7388542294502258,
                "classification": "[0.962521, 0.718925, 0.922103, 0.879224, 0.065217, 0.175532, 0.332516]"
            }
        },
        "stripes_data": {
            "test": {
                "oa": 0.4554336965084076,
                "aa": 0.3979072403318011,
                "kappa": 0.3708952069282532,
                "classification": "[0.600222, 0.447906, 0.436547, 0.407149, 0.039130, 0.176292, 0.678105]"
            }
        },
        "poisson_data": {
            "test": {
                "oa": 0.9667927622795105,
                "aa": 0.874928174809807,
                "kappa": 0.9529197812080383,
                "classification": "[0.977605, 0.985204, 0.926972, 0.975845, 0.752174, 0.813070, 0.693627]"
            }
        },
        "salt_pepper_data": {
            "test": {
                "oa": 0.16677044332027435,
                "aa": 0.26857599582089353,
                "kappa": 0.1415100246667862,
                "classification": "[0.608273, 0.001731, 0.298604, 0.084986, 0.000000, 0.000000, 0.886438]"
            }
        },
        "zmguass_data": {
            "test": {
                "oa": 0.13758641481399536,
                "aa": 0.20086478271063576,
                "kappa": 0.1124534159898758,
                "classification": "[0.460948, 0.002061, 0.018500, 0.118449, 0.002174, 0.000000, 0.803922]"
            }
        }
    }
}