{
    "report1": {
        "eval": {
            "The Training time is: ": "31.447952047983804",
            "name": "Augsburg",
            "batchsize": 64,
            "epoch": 200,
            "LR": 0.0005,
            "seed": 0,
            "Best test acc": 0.9564474821090698,
            "oa": 0.9564474821090698,
            "aa": 0.816064443601155,
            "kappa": 0.938274085521698,
            "classification": "[0.988895, 0.982484, 0.800065, 0.977986, 0.713043, 0.522036, 0.727941]"
        }
    },
    "report2_by_noise": {
        "additive_data": {
            "test": {
                "oa": 0.8997716903686523,
                "aa": 0.675038504661857,
                "kappa": 0.8598484992980957,
                "classification": "[0.969924, 0.934059, 0.266147, 0.975565, 0.673913, 0.157295, 0.748366]"
            }
        },
        "deadlines_data": {
            "test": {
                "oa": 0.9243897199630737,
                "aa": 0.7339537018867798,
                "kappa": 0.8936249017715454,
                "classification": "[0.976957, 0.966947, 0.521584, 0.963185, 0.706522, 0.303951, 0.698529]"
            }
        },
        "kernal_data": {
            "test": {
                "oa": 0.964270293712616,
                "aa": 0.8519781828454487,
                "kappa": 0.94935142993927,
                "classification": "[0.989913, 0.981207, 0.902304, 0.977846, 0.710870, 0.666413, 0.735294]"
            }
        },
        "stripes_data": {
            "test": {
                "oa": 0.9359005093574524,
                "aa": 0.7743799362125358,
                "kappa": 0.9097338914871216,
                "classification": "[0.980566, 0.964392, 0.689711, 0.967421, 0.713043, 0.367781, 0.737745]"
            }
        },
        "poisson_data": {
            "test": {
                "oa": 0.9564474821090698,
                "aa": 0.8157731028202638,
                "kappa": 0.9382719397544861,
                "classification": "[0.988803, 0.982567, 0.799416, 0.978125, 0.713043, 0.520517, 0.727941]"
            }
        },
        "salt_pepper_data": {
            "test": {
                "oa": 0.9327394366264343,
                "aa": 0.7528881125902771,
                "kappa": 0.9052362442016602,
                "classification": "[0.988710, 0.959652, 0.597858, 0.976450, 0.700000, 0.313070, 0.734477]"
            }
        },
        "zmguass_data": {
            "test": {
                "oa": 0.8996918797492981,
                "aa": 0.6878223561091277,
                "kappa": 0.8599381446838379,
                "classification": "[0.951971, 0.929072, 0.360922, 0.975752, 0.686957, 0.185410, 0.724673]"
            }
        }
    }
}