{
    "report1": {
        "eval": {
            "The Training time is: ": "30.022963122526804",
            "name": "Augsburg",
            "batchsize": 64,
            "epoch": 200,
            "LR": 0.0005,
            "seed": 0,
            "Best test acc": 0.9682296514511108,
            "oa": 0.9682296514511108,
            "aa": 0.8583250183082002,
            "kappa": 0.9548966884613037,
            "classification": "[0.993522, 0.982896, 0.903927, 0.983571, 0.717391, 0.732523, 0.694444]"
        }
    },
    "report2_by_noise": {
        "additive_data": {
            "test": {
                "oa": 0.8457142114639282,
                "aa": 0.6367453841390092,
                "kappa": 0.7886864542961121,
                "classification": "[0.761984, 0.882954, 0.403440, 0.963185, 0.545652, 0.265198, 0.634804]"
            }
        },
        "deadlines_data": {
            "test": {
                "oa": 0.965547502040863,
                "aa": 0.8466917021448185,
                "kappa": 0.9511125683784485,
                "classification": "[0.993244, 0.980918, 0.887050, 0.983803, 0.704348, 0.695289, 0.682190]"
            }
        },
        "kernal_data": {
            "test": {
                "oa": 0.9063971638679504,
                "aa": 0.8220913430672964,
                "kappa": 0.8715025186538696,
                "classification": "[0.994818, 0.835806, 0.969815, 0.965373, 0.632609, 0.684650, 0.671569]"
            }
        },
        "stripes_data": {
            "test": {
                "oa": 0.9677028059959412,
                "aa": 0.8555655542643047,
                "kappa": 0.9541454911231995,
                "classification": "[0.993522, 0.983103, 0.894190, 0.983990, 0.721739, 0.719605, 0.692810]"
            }
        },
        "poisson_data": {
            "test": {
                "oa": 0.9681817293167114,
                "aa": 0.8579596378412148,
                "kappa": 0.9548283815383911,
                "classification": "[0.993522, 0.982896, 0.903603, 0.983617, 0.717391, 0.730243, 0.694444]"
            }
        },
        "salt_pepper_data": {
            "test": {
                "oa": 0.9676070213317871,
                "aa": 0.8560022996579003,
                "kappa": 0.954018771648407,
                "classification": "[0.993430, 0.981330, 0.897760, 0.984967, 0.715217, 0.725684, 0.693627]"
            }
        },
        "zmguass_data": {
            "test": {
                "oa": 0.8568418025970459,
                "aa": 0.6447396744996075,
                "kappa": 0.803013026714325,
                "classification": "[0.777994, 0.900140, 0.420967, 0.965652, 0.550000, 0.264438, 0.633987]"
            }
        }
    }
}