{
    "report1": {
        "eval": {
            "The Training time is: ": "29.67249527772268",
            "name": "Augsburg",
            "batchsize": 64,
            "epoch": 200,
            "LR": 0.0005,
            "seed": 0,
            "Best test acc": 0.9709596633911133,
            "oa": 0.9709596633911133,
            "aa": 0.8857403780962007,
            "kappa": 0.958791971206665,
            "classification": "[0.994448, 0.981742, 0.934437, 0.980964, 0.793478, 0.820669, 0.694444]"
        }
    },
    "report2_by_noise": {
        "additive_data": {
            "test": {
                "oa": 0.9268962144851685,
                "aa": 0.7542017025799791,
                "kappa": 0.8968480825424194,
                "classification": "[0.905886, 0.981166, 0.532295, 0.980080, 0.754348, 0.426292, 0.699346]"
            }
        },
        "deadlines_data": {
            "test": {
                "oa": 0.9584590792655945,
                "aa": 0.830018440980261,
                "kappa": 0.9411038160324097,
                "classification": "[0.989080, 0.982237, 0.783187, 0.980406, 0.741304, 0.677052, 0.656863]"
            }
        },
        "kernal_data": {
            "test": {
                "oa": 0.9612689018249512,
                "aa": 0.8889232682101723,
                "kappa": 0.9453694820404053,
                "classification": "[0.993707, 0.952976, 0.945797, 0.981430, 0.791304, 0.857903, 0.699346]"
            }
        },
        "stripes_data": {
            "test": {
                "oa": 0.9695706963539124,
                "aa": 0.8784415530046666,
                "kappa": 0.9568197727203369,
                "classification": "[0.993800, 0.982526, 0.913664, 0.980825, 0.784783, 0.803951, 0.689542]"
            }
        },
        "poisson_data": {
            "test": {
                "oa": 0.9709277153015137,
                "aa": 0.8855151106842714,
                "kappa": 0.9587467312812805,
                "classification": "[0.994448, 0.981742, 0.934437, 0.980964, 0.793478, 0.819909, 0.693627]"
            }
        },
        "salt_pepper_data": {
            "test": {
                "oa": 0.967032253742218,
                "aa": 0.8627691775938472,
                "kappa": 0.9531997442245483,
                "classification": "[0.992227, 0.984998, 0.870821, 0.981476, 0.778261, 0.746960, 0.684641]"
            }
        },
        "zmguass_data": {
            "test": {
                "oa": 0.9243418574333191,
                "aa": 0.7475033931291512,
                "kappa": 0.893284022808075,
                "classification": "[0.891912, 0.982938, 0.533593, 0.979149, 0.743478, 0.411094, 0.690359]"
            }
        }
    }
}