{
    "report1": {
        "eval": {
            "The Training time is: ": "270.9268566608429",
            "name": "Augsburg",
            "batchsize": 64,
            "epoch": 200,
            "LR": 0.0005,
            "seed": 0,
            "oa": 0.9773775935173035,
            "aa": 0.9017823805258468,
            "kappa": 0.967817485332489,
            "classification": "[0.990376, 0.988708, 0.945797, 0.987806, 0.821739, 0.874620, 0.703431]"
        }
    },
    "report2_by_noise": {
        "additive_data": {
            "test": {
                "oa": 0.8649041056632996,
                "aa": 0.5868607159647468,
                "kappa": 0.8124597072601318,
                "classification": "[0.881825, 0.931174, 0.086011, 0.961649, 0.536957, 0.091945, 0.618464]"
            }
        },
        "deadlines_data": {
            "test": {
                "oa": 0.8375560641288757,
                "aa": 0.6766984844444245,
                "kappa": 0.779747724533081,
                "classification": "[0.833426, 0.853528, 0.446284, 0.918086, 0.600000, 0.437690, 0.647876]"
            }
        },
        "kernal_data": {
            "test": {
                "oa": 0.9575490355491638,
                "aa": 0.8683973019252536,
                "kappa": 0.9400880336761475,
                "classification": "[0.987599, 0.971357, 0.888997, 0.964349, 0.750000, 0.835106, 0.681373]"
            }
        },
        "stripes_data": {
            "test": {
                "oa": 0.8872551321983337,
                "aa": 0.7885739537416703,
                "kappa": 0.8458313345909119,
                "classification": "[0.940774, 0.846068, 0.826680, 0.944382, 0.563043, 0.766717, 0.632353]"
            }
        },
        "poisson_data": {
            "test": {
                "oa": 0.9773456454277039,
                "aa": 0.9014592970715688,
                "kappa": 0.9677724242210388,
                "classification": "[0.990376, 0.988584, 0.945797, 0.987899, 0.819565, 0.875380, 0.702614]"
            }
        },
        "salt_pepper_data": {
            "test": {
                "oa": 0.9089835286140442,
                "aa": 0.7633324085094897,
                "kappa": 0.8733530640602112,
                "classification": "[0.931982, 0.927671, 0.647842, 0.954296, 0.654348, 0.575228, 0.651961]"
            }
        },
        "zmguass_data": {
            "test": {
                "oa": 0.8482366800308228,
                "aa": 0.5894652674818373,
                "kappa": 0.7903405427932739,
                "classification": "[0.737183, 0.947000, 0.223304, 0.945267, 0.508696, 0.205167, 0.559641]"
            }
        }
    }
}