{
    "report1": {
        "eval": {
            "The Training time is: ": "31.83921600182851",
            "name": "Augsburg",
            "batchsize": 64,
            "epoch": 200,
            "LR": 0.0005,
            "seed": 0,
            "Best test acc": 0.9636955857276917,
            "oa": 0.9636955857276917,
            "aa": 0.8453970441280844,
            "kappa": 0.9485350847244263,
            "classification": "[0.992227, 0.983061, 0.915612, 0.975054, 0.730435, 0.691489, 0.629902]"
        }
    },
    "report2_by_noise": {
        "additive_data": {
            "test": {
                "oa": 0.9278541207313538,
                "aa": 0.721576024283655,
                "kappa": 0.8980361819267273,
                "classification": "[0.941792, 0.986111, 0.501136, 0.975659, 0.706522, 0.344225, 0.595588]"
            }
        },
        "deadlines_data": {
            "test": {
                "oa": 0.9598160982131958,
                "aa": 0.8246230631371158,
                "kappa": 0.9430442452430725,
                "classification": "[0.989543, 0.982031, 0.876014, 0.977241, 0.706522, 0.641337, 0.599673]"
            }
        },
        "kernal_data": {
            "test": {
                "oa": 0.9603109955787659,
                "aa": 0.866397527701427,
                "kappa": 0.9439746737480164,
                "classification": "[0.993337, 0.959899, 0.956508, 0.977613, 0.736957, 0.781155, 0.659314]"
            }
        },
        "stripes_data": {
            "test": {
                "oa": 0.9609336256980896,
                "aa": 0.8323429962697685,
                "kappa": 0.9446296691894531,
                "classification": "[0.992319, 0.983185, 0.884778, 0.974635, 0.723913, 0.646657, 0.620915]"
            }
        },
        "poisson_data": {
            "test": {
                "oa": 0.9636157751083374,
                "aa": 0.8449075402307454,
                "kappa": 0.9484220743179321,
                "classification": "[0.992227, 0.983103, 0.915287, 0.975007, 0.730435, 0.689210, 0.629085]"
            }
        },
        "salt_pepper_data": {
            "test": {
                "oa": 0.9584909677505493,
                "aa": 0.8168962357903202,
                "kappa": 0.9411386251449585,
                "classification": "[0.988617, 0.985740, 0.842584, 0.976357, 0.719565, 0.604103, 0.601307]"
            }
        },
        "zmguass_data": {
            "test": {
                "oa": 0.9286044836044312,
                "aa": 0.7157867363506308,
                "kappa": 0.8990288972854614,
                "classification": "[0.960022, 0.986358, 0.456021, 0.975752, 0.706522, 0.323708, 0.602124]"
            }
        }
    }
}