{
    "report1": {
        "eval": {
            "The Training time is: ": "385.153638668855",
            "name": "Augsburg",
            "batchsize": 64,
            "epoch": 200,
            "LR": 0.0005,
            "seed": 0,
            "oa": 0.9736737012863159,
            "aa": 0.8804478112909315,
            "kappa": 0.9625797867774963,
            "classification": "[0.989543, 0.989243, 0.959429, 0.982454, 0.776087, 0.816869, 0.649510]"
        }
    },
    "report2_by_noise": {
        "additive_data": {
            "test": {
                "oa": 0.9118571877479553,
                "aa": 0.7064907538996008,
                "kappa": 0.8765085339546204,
                "classification": "[0.974181, 0.940694, 0.440441, 0.974076, 0.693478, 0.323708, 0.598856]"
            }
        },
        "deadlines_data": {
            "test": {
                "oa": 0.9213723540306091,
                "aa": 0.7864127838159198,
                "kappa": 0.8903089165687561,
                "classification": "[0.970479, 0.925775, 0.730282, 0.961044, 0.706522, 0.608663, 0.602124]"
            }
        },
        "kernal_data": {
            "test": {
                "oa": 0.9641266465187073,
                "aa": 0.8608329512592627,
                "kappa": 0.9492138624191284,
                "classification": "[0.990006, 0.979435, 0.954885, 0.971144, 0.730435, 0.755319, 0.644608]"
            }
        },
        "stripes_data": {
            "test": {
                "oa": 0.9337133169174194,
                "aa": 0.8354990645436329,
                "kappa": 0.9074288010597229,
                "classification": "[0.965667, 0.925775, 0.915612, 0.964302, 0.739130, 0.753040, 0.584967]"
            }
        },
        "poisson_data": {
            "test": {
                "oa": 0.9736258387565613,
                "aa": 0.880319322704597,
                "kappa": 0.9625123143196106,
                "classification": "[0.989543, 0.989161, 0.959429, 0.982454, 0.776087, 0.816869, 0.648693]"
            }
        },
        "salt_pepper_data": {
            "test": {
                "oa": 0.9463416337966919,
                "aa": 0.8282858615777912,
                "kappa": 0.9245116114616394,
                "classification": "[0.983620, 0.952275, 0.862058, 0.971749, 0.708696, 0.704407, 0.615196]"
            }
        },
        "zmguass_data": {
            "test": {
                "oa": 0.9184028506278992,
                "aa": 0.7192107552384479,
                "kappa": 0.885417103767395,
                "classification": "[0.964279, 0.955160, 0.509575, 0.970492, 0.691304, 0.379939, 0.563725]"
            }
        }
    }
}