{
    "report1": {
        "eval": {
            "The Training time is: ": "23.19600625038147",
            "name": "Augsburg",
            "batchsize": 64,
            "epoch": 200,
            "LR": 0.0005,
            "seed": 0,
            "Best test acc": 0.9638552069664001,
            "oa": 0.9638552069664001,
            "aa": 0.8627581704706943,
            "kappa": 0.9488022327423096,
            "classification": "[0.985008, 0.983020, 0.914963, 0.971703, 0.745652, 0.822948, 0.616013]"
        }
    },
    "report2_by_noise": {
        "additive_data": {
            "test": {
                "oa": 0.30818843841552734,
                "aa": 0.14564137958973533,
                "kappa": 0.2275771200656891,
                "classification": "[0.108551, 0.145359, 0.020772, 0.673508, 0.023913, 0.000000, 0.047386]"
            }
        },
        "deadlines_data": {
            "test": {
                "oa": 0.4586107134819031,
                "aa": 0.262040842637402,
                "kappa": 0.3638659119606018,
                "classification": "[0.398760, 0.438386, 0.212269, 0.600903, 0.021739, 0.069909, 0.092320]"
            }
        },
        "kernal_data": {
            "test": {
                "oa": 0.8831361532211304,
                "aa": 0.6239605393911851,
                "kappa": 0.8392324447631836,
                "classification": "[0.953359, 0.886581, 0.926972, 0.928232, 0.189130, 0.263678, 0.219771]"
            }
        },
        "stripes_data": {
            "test": {
                "oa": 0.5815412402153015,
                "aa": 0.4377756339788953,
                "kappa": 0.49118366837501526,
                "classification": "[0.661577, 0.540471, 0.506329, 0.639905, 0.073913, 0.368541, 0.273693]"
            }
        },
        "poisson_data": {
            "test": {
                "oa": 0.9638392925262451,
                "aa": 0.8629925312980212,
                "kappa": 0.9487807750701904,
                "classification": "[0.985101, 0.983020, 0.914314, 0.971563, 0.745652, 0.824468, 0.616830]"
            }
        },
        "salt_pepper_data": {
            "test": {
                "oa": 0.4920254945755005,
                "aa": 0.32255584696921585,
                "kappa": 0.4027768671512604,
                "classification": "[0.603646, 0.314581, 0.400844, 0.707344, 0.082609, 0.106383, 0.042484]"
            }
        },
        "zmguass_data": {
            "test": {
                "oa": 0.38707154989242554,
                "aa": 0.1745908621036064,
                "kappa": 0.2936704456806183,
                "classification": "[0.112993, 0.199349, 0.036027, 0.840222, 0.023913, 0.002280, 0.007353]"
            }
        }
    }
}