{
    "report1": {
        "eval": {
            "The Training time is: ": "30.419570410251616",
            "name": "Augsburg",
            "batchsize": 64,
            "epoch": 200,
            "LR": 0.0005,
            "seed": 0,
            "Best test acc": 0.9689001441001892,
            "oa": 0.9689001441001892,
            "aa": 0.8751231691636946,
            "kappa": 0.9558805823326111,
            "classification": "[0.993244, 0.979847, 0.921130, 0.982640, 0.780435, 0.798632, 0.669935]"
        }
    },
    "report2_by_noise": {
        "additive_data": {
            "test": {
                "oa": 0.9080894589424133,
                "aa": 0.7308364454311602,
                "kappa": 0.8710294961929321,
                "classification": "[0.818434, 0.970326, 0.558260, 0.982174, 0.728261, 0.418693, 0.639706]"
            }
        },
        "deadlines_data": {
            "test": {
                "oa": 0.9611411690711975,
                "aa": 0.8436422534000741,
                "kappa": 0.9449140429496765,
                "classification": "[0.988155, 0.979641, 0.833496, 0.981942, 0.754348, 0.735562, 0.632353]"
            }
        },
        "kernal_data": {
            "test": {
                "oa": 0.9666491150856018,
                "aa": 0.8749943944246217,
                "kappa": 0.9527701735496521,
                "classification": "[0.992967, 0.971357, 0.945472, 0.982500, 0.760870, 0.810030, 0.661765]"
            }
        },
        "stripes_data": {
            "test": {
                "oa": 0.9657390713691711,
                "aa": 0.8684901322859933,
                "kappa": 0.9514455795288086,
                "classification": "[0.992597, 0.975808, 0.898410, 0.982361, 0.771739, 0.791033, 0.667484]"
            }
        },
        "poisson_data": {
            "test": {
                "oa": 0.9688682556152344,
                "aa": 0.8752324398400344,
                "kappa": 0.9558354616165161,
                "classification": "[0.993244, 0.979847, 0.920480, 0.982640, 0.782609, 0.797872, 0.669935]"
            }
        },
        "salt_pepper_data": {
            "test": {
                "oa": 0.9637115597724915,
                "aa": 0.855917397647974,
                "kappa": 0.9485483765602112,
                "classification": "[0.985564, 0.979228, 0.868549, 0.983338, 0.760870, 0.754559, 0.659314]"
            }
        },
        "zmguass_data": {
            "test": {
                "oa": 0.9110749363899231,
                "aa": 0.7315856022191914,
                "kappa": 0.8750876188278198,
                "classification": "[0.832223, 0.973459, 0.557287, 0.981104, 0.728261, 0.416413, 0.632353]"
            }
        }
    }
}