{
    "report1": {
        "eval": {
            "The Training time is: ": "29.80284608999888",
            "name": "Augsburg",
            "batchsize": 64,
            "epoch": 200,
            "LR": 0.0005,
            "seed": 0,
            "Best test acc": 0.9676229953765869,
            "oa": 0.9676229953765869,
            "aa": 0.8660021110906808,
            "kappa": 0.954076886177063,
            "classification": "[0.992319, 0.984339, 0.941902, 0.975938, 0.767391, 0.698328, 0.701797]"
        }
    },
    "report2_by_noise": {
        "additive_data": {
            "test": {
                "oa": 0.9118412733078003,
                "aa": 0.7070553613773346,
                "kappa": 0.8757971525192261,
                "classification": "[0.866185, 0.990686, 0.416423, 0.971609, 0.728261, 0.305471, 0.670752]"
            }
        },
        "deadlines_data": {
            "test": {
                "oa": 0.9459265470504761,
                "aa": 0.7911122991951247,
                "kappa": 0.9235570430755615,
                "classification": "[0.964834, 0.988543, 0.780915, 0.961882, 0.702174, 0.514438, 0.625000]"
            }
        },
        "kernal_data": {
            "test": {
                "oa": 0.9591615200042725,
                "aa": 0.8735527995619438,
                "kappa": 0.9424017071723938,
                "classification": "[0.990838, 0.959899, 0.957481, 0.972913, 0.756522, 0.770517, 0.706699]"
            }
        },
        "stripes_data": {
            "test": {
                "oa": 0.9597043395042419,
                "aa": 0.8525315977555027,
                "kappa": 0.9429709911346436,
                "classification": "[0.974088, 0.983144, 0.913015, 0.969562, 0.758696, 0.674772, 0.694444]"
            }
        },
        "poisson_data": {
            "test": {
                "oa": 0.9675590991973877,
                "aa": 0.8654869358153711,
                "kappa": 0.9539856314659119,
                "classification": "[0.992319, 0.984421, 0.941253, 0.975938, 0.767391, 0.695289, 0.701797]"
            }
        },
        "salt_pepper_data": {
            "test": {
                "oa": 0.9575809836387634,
                "aa": 0.8327304433188928,
                "kappa": 0.9398938417434692,
                "classification": "[0.969554, 0.989243, 0.861084, 0.971516, 0.754348, 0.599544, 0.683824]"
            }
        },
        "zmguass_data": {
            "test": {
                "oa": 0.8940562009811401,
                "aa": 0.6980842422643256,
                "kappa": 0.8515087366104126,
                "classification": "[0.754488, 0.990480, 0.482960, 0.967607, 0.734783, 0.310030, 0.646242]"
            }
        }
    }
}