{
    "report1": {
        "eval": {
            "The Training time is: ": "29.258590416113535",
            "name": "Augsburg",
            "batchsize": 64,
            "epoch": 200,
            "LR": 0.0005,
            "seed": 0,
            "Best test acc": 0.9657390713691711,
            "oa": 0.9657390713691711,
            "aa": 0.8613134010475776,
            "kappa": 0.951435387134552,
            "classification": "[0.989543, 0.979270, 0.933139, 0.979522, 0.758696, 0.726444, 0.662582]"
        }
    },
    "report2_by_noise": {
        "additive_data": {
            "test": {
                "oa": 0.914651095867157,
                "aa": 0.6947086381052301,
                "kappa": 0.879676878452301,
                "classification": "[0.926985, 0.976714, 0.335605, 0.979847, 0.719565, 0.279635, 0.644608]"
            }
        },
        "deadlines_data": {
            "test": {
                "oa": 0.9509235620498657,
                "aa": 0.7954805657274081,
                "kappa": 0.9304662346839905,
                "classification": "[0.977975, 0.984669, 0.752678, 0.977474, 0.734783, 0.518237, 0.622549]"
            }
        },
        "kernal_data": {
            "test": {
                "oa": 0.9600874781608582,
                "aa": 0.8731725305068266,
                "kappa": 0.9436743855476379,
                "classification": "[0.991394, 0.956767, 0.956832, 0.980452, 0.786957, 0.768237, 0.671569]"
            }
        },
        "stripes_data": {
            "test": {
                "oa": 0.9610453844070435,
                "aa": 0.8466014249774512,
                "kappa": 0.9448253512382507,
                "classification": "[0.988155, 0.978775, 0.882506, 0.977008, 0.752174, 0.690729, 0.656863]"
            }
        },
        "poisson_data": {
            "test": {
                "oa": 0.9656432867050171,
                "aa": 0.8610322629412683,
                "kappa": 0.9513010382652283,
                "classification": "[0.989543, 0.979146, 0.932814, 0.979522, 0.758696, 0.724924, 0.662582]"
            }
        },
        "salt_pepper_data": {
            "test": {
                "oa": 0.9555853605270386,
                "aa": 0.8154465873724479,
                "kappa": 0.9370527267456055,
                "classification": "[0.984361, 0.981660, 0.790328, 0.980359, 0.741304, 0.579787, 0.650327]"
            }
        },
        "zmguass_data": {
            "test": {
                "oa": 0.9154972434043884,
                "aa": 0.698786079970169,
                "kappa": 0.8808833360671997,
                "classification": "[0.920600, 0.978075, 0.382993, 0.978125, 0.726087, 0.277356, 0.628268]"
            }
        }
    }
}