{
    "report1": {
        "eval": {
            "The Training time is: ": "25.37683064142863",
            "name": "Augsburg",
            "batchsize": 64,
            "epoch": 200,
            "LR": 0.0005,
            "seed": 0,
            "Best test acc": 0.926832377910614,
            "oa": 0.926832377910614,
            "aa": 0.6884814492764333,
            "kappa": 0.8970656991004944,
            "classification": "[0.955673, 0.980135, 0.808179, 0.946570, 0.395652, 0.408815, 0.324346]"
        }
    },
    "report2_by_noise": {
        "additive_data": {
            "test": {
                "oa": 0.8962913155555725,
                "aa": 0.5992263921983608,
                "kappa": 0.854656457901001,
                "classification": "[0.912271, 0.981578, 0.474197, 0.940333, 0.391304, 0.165653, 0.329248]"
            }
        },
        "deadlines_data": {
            "test": {
                "oa": 0.9091591238975525,
                "aa": 0.6309604783502382,
                "kappa": 0.8724797964096069,
                "classification": "[0.937072, 0.983721, 0.600130, 0.938285, 0.334783, 0.291033, 0.331699]"
            }
        },
        "kernal_data": {
            "test": {
                "oa": 0.9303447008132935,
                "aa": 0.7138890837597289,
                "kappa": 0.902197003364563,
                "classification": "[0.965390, 0.957756, 0.860759, 0.959136, 0.321739, 0.583587, 0.348856]"
            }
        },
        "stripes_data": {
            "test": {
                "oa": 0.9176205992698669,
                "aa": 0.6768112753645424,
                "kappa": 0.8845062851905823,
                "classification": "[0.946234, 0.976673, 0.782214, 0.933026, 0.373913, 0.400456, 0.325163]"
            }
        },
        "poisson_data": {
            "test": {
                "oa": 0.9267525672912598,
                "aa": 0.6886532549063136,
                "kappa": 0.8969578742980957,
                "classification": "[0.955673, 0.979970, 0.808179, 0.946523, 0.397826, 0.408055, 0.324346]"
            }
        },
        "salt_pepper_data": {
            "test": {
                "oa": 0.9155770540237427,
                "aa": 0.6454644540648327,
                "kappa": 0.8813604116439819,
                "classification": "[0.948269, 0.985040, 0.674132, 0.938797, 0.345652, 0.297112, 0.329248]"
            }
        },
        "zmguass_data": {
            "test": {
                "oa": 0.887334942817688,
                "aa": 0.5758427335024985,
                "kappa": 0.8423812985420227,
                "classification": "[0.888210, 0.985534, 0.429406, 0.931816, 0.341304, 0.125380, 0.329248]"
            }
        }
    }
}