{
    "report1": {
        "eval": {
            "The Training time is: ": "378.8032395919164",
            "name": "Augsburg",
            "batchsize": 64,
            "epoch": 200,
            "LR": 0.0005,
            "seed": 0,
            "oa": 0.9731947779655457,
            "aa": 0.8781390621647828,
            "kappa": 0.9619119167327881,
            "classification": "[0.989080, 0.987224, 0.964297, 0.983012, 0.745652, 0.785714, 0.691993]"
        }
    },
    "report2_by_noise": {
        "additive_data": {
            "test": {
                "oa": 0.9072273373603821,
                "aa": 0.6776546742656018,
                "kappa": 0.8698796033859253,
                "classification": "[0.976957, 0.950173, 0.312885, 0.970772, 0.660870, 0.225684, 0.646242]"
            }
        },
        "deadlines_data": {
            "test": {
                "oa": 0.9163274168968201,
                "aa": 0.7813913286177855,
                "kappa": 0.8836061954498291,
                "classification": "[0.963724, 0.913164, 0.737423, 0.960951, 0.615217, 0.621581, 0.657680]"
            }
        },
        "kernal_data": {
            "test": {
                "oa": 0.9628334641456604,
                "aa": 0.854842885927672,
                "kappa": 0.9474120736122131,
                "classification": "[0.989358, 0.977910, 0.953262, 0.969980, 0.678261, 0.737842, 0.677288]"
            }
        },
        "stripes_data": {
            "test": {
                "oa": 0.9288280010223389,
                "aa": 0.8309323396996534,
                "kappa": 0.9008855223655701,
                "classification": "[0.963909, 0.910443, 0.924375, 0.966955, 0.691304, 0.716565, 0.642974]"
            }
        },
        "poisson_data": {
            "test": {
                "oa": 0.9731788039207458,
                "aa": 0.8783443830334481,
                "kappa": 0.9618901014328003,
                "classification": "[0.989080, 0.987224, 0.964297, 0.982873, 0.745652, 0.786474, 0.692810]"
            }
        },
        "salt_pepper_data": {
            "test": {
                "oa": 0.9464693665504456,
                "aa": 0.8261395693849426,
                "kappa": 0.9246543049812317,
                "classification": "[0.981584, 0.956726, 0.842259, 0.969887, 0.682609, 0.681611, 0.668301]"
            }
        },
        "zmguass_data": {
            "test": {
                "oa": 0.9145871996879578,
                "aa": 0.6932822797051591,
                "kappa": 0.8799903988838196,
                "classification": "[0.957986, 0.962537, 0.433625, 0.967793, 0.593478, 0.319909, 0.617647]"
            }
        }
    }
}