{
    "report1": {
        "eval": {
            "The Training time is: ": "25.87757554848989",
            "name": "Augsburg",
            "batchsize": 64,
            "epoch": 200,
            "LR": 0.0005,
            "seed": 0,
            "Best test acc": 0.9849130511283875,
            "oa": 0.9849130511283875,
            "aa": 0.9171921821044834,
            "kappa": 0.9784835577011108,
            "classification": "[0.992412, 0.994436, 0.971438, 0.994136, 0.806522, 0.885258, 0.776144]"
        }
    },
    "report2_by_noise": {
        "additive_data": {
            "test": {
                "oa": 0.7014544010162354,
                "aa": 0.4606322965498066,
                "kappa": 0.6152960658073425,
                "classification": "[0.779197, 0.696876, 0.086660, 0.813646, 0.245652, 0.094225, 0.508170]"
            }
        },
        "deadlines_data": {
            "test": {
                "oa": 0.6509571075439453,
                "aa": 0.46314314549087277,
                "kappa": 0.5605059862136841,
                "classification": "[0.710254, 0.709240, 0.230769, 0.657451, 0.147826, 0.243161, 0.543301]"
            }
        },
        "kernal_data": {
            "test": {
                "oa": 0.9387103319168091,
                "aa": 0.8327504497517731,
                "kappa": 0.914176881313324,
                "classification": "[0.959652, 0.957056, 0.882181, 0.942241, 0.508696, 0.823708, 0.755719]"
            }
        },
        "stripes_data": {
            "test": {
                "oa": 0.7252103686332703,
                "aa": 0.5827162841021225,
                "kappa": 0.645647406578064,
                "classification": "[0.761151, 0.723294, 0.452126, 0.780089, 0.282609, 0.482523, 0.597222]"
            }
        },
        "poisson_data": {
            "test": {
                "oa": 0.9848811626434326,
                "aa": 0.9171698983763286,
                "kappa": 0.9784386157989502,
                "classification": "[0.992504, 0.994395, 0.971438, 0.994043, 0.806522, 0.886778, 0.774510]"
            }
        },
        "salt_pepper_data": {
            "test": {
                "oa": 0.7040407657623291,
                "aa": 0.514987923151559,
                "kappa": 0.6203466057777405,
                "classification": "[0.764668, 0.699967, 0.330737, 0.777762, 0.210870, 0.219605, 0.601307]"
            }
        },
        "zmguass_data": {
            "test": {
                "oa": 0.7020131945610046,
                "aa": 0.44296805583578863,
                "kappa": 0.6150321364402771,
                "classification": "[0.747918, 0.728116, 0.079520, 0.798753, 0.141304, 0.111702, 0.493464]"
            }
        }
    }
}