{
    "report1": {
        "eval": {
            "The Training time is: ": "25.115749502182005",
            "name": "Augsburg",
            "batchsize": 64,
            "epoch": 200,
            "LR": 0.0005,
            "seed": 0,
            "oa": 0.9851685166358948,
            "aa": 0.9180749335716895,
            "kappa": 0.9788361191749573,
            "classification": "[0.995651, 0.995013, 0.954885, 0.996370, 0.867391, 0.842705, 0.774510]"
        }
    },
    "report2_by_noise": {
        "additive_data": {
            "test": {
                "oa": 0.2195667028427124,
                "aa": 0.24246135530376847,
                "kappa": 0.16721941530704498,
                "classification": "[0.215343, 0.000618, 0.000649, 0.475845, 0.058696, 0.000000, 0.946078]"
            }
        },
        "deadlines_data": {
            "test": {
                "oa": 0.3106310963630676,
                "aa": 0.29786232344543084,
                "kappa": 0.24138973653316498,
                "classification": "[0.273644, 0.141279, 0.329763, 0.517081, 0.086957, 0.051672, 0.684641]"
            }
        },
        "kernal_data": {
            "test": {
                "oa": 0.8451074957847595,
                "aa": 0.7038745603853495,
                "kappa": 0.7925761342048645,
                "classification": "[0.976865, 0.727786, 0.930867, 0.954668, 0.413043, 0.208207, 0.715686]"
            }
        },
        "stripes_data": {
            "test": {
                "oa": 0.5012532472610474,
                "aa": 0.4770526355685271,
                "kappa": 0.41761937737464905,
                "classification": "[0.626967, 0.261705, 0.506005, 0.714186, 0.215217, 0.285714, 0.729575]"
            }
        },
        "poisson_data": {
            "test": {
                "oa": 0.9850567579269409,
                "aa": 0.9170115523963979,
                "kappa": 0.9786761999130249,
                "classification": "[0.995836, 0.995054, 0.954236, 0.996416, 0.867391, 0.838906, 0.771242]"
            }
        },
        "salt_pepper_data": {
            "test": {
                "oa": 0.26610469818115234,
                "aa": 0.3042274728415153,
                "kappa": 0.20950642228126526,
                "classification": "[0.334259, 0.002432, 0.250893, 0.512520, 0.063043, 0.000760, 0.965686]"
            }
        },
        "zmguass_data": {
            "test": {
                "oa": 0.21638967096805573,
                "aa": 0.235088767916372,
                "kappa": 0.1620190143585205,
                "classification": "[0.106978, 0.001896, 0.002597, 0.518756, 0.058696, 0.000000, 0.956699]"
            }
        }
    }
}