{
    "report1": {
        "eval": {
            "The Training time is: ": "31.55499630769094",
            "name": "Augsburg",
            "batchsize": 64,
            "epoch": 200,
            "LR": 0.0005,
            "seed": 0,
            "Best test acc": 0.9685649275779724,
            "oa": 0.9685649275779724,
            "aa": 0.8796188961281926,
            "kappa": 0.9554409980773926,
            "classification": "[0.990561, 0.977374, 0.945148, 0.981057, 0.763043, 0.769757, 0.730392]"
        }
    },
    "report2_by_noise": {
        "additive_data": {
            "test": {
                "oa": 0.8951418399810791,
                "aa": 0.7301811307462938,
                "kappa": 0.8536292910575867,
                "classification": "[0.763650, 0.958828, 0.577085, 0.978265, 0.693478, 0.442249, 0.697712]"
            }
        },
        "deadlines_data": {
            "test": {
                "oa": 0.9611251950263977,
                "aa": 0.865746089900221,
                "kappa": 0.9450627565383911,
                "classification": "[0.988895, 0.962826, 0.920805, 0.982361, 0.730435, 0.746960, 0.727941]"
            }
        },
        "kernal_data": {
            "test": {
                "oa": 0.950300931930542,
                "aa": 0.8806190387314448,
                "kappa": 0.9303102493286133,
                "classification": "[0.991024, 0.923797, 0.965920, 0.983524, 0.778261, 0.775076, 0.746732]"
            }
        },
        "stripes_data": {
            "test": {
                "oa": 0.9656273722648621,
                "aa": 0.871053709019624,
                "kappa": 0.951320469379425,
                "classification": "[0.990191, 0.973788, 0.927296, 0.980825, 0.743478, 0.753040, 0.728758]"
            }
        },
        "poisson_data": {
            "test": {
                "oa": 0.9685329794883728,
                "aa": 0.8796619752672867,
                "kappa": 0.9553963541984558,
                "classification": "[0.990468, 0.977333, 0.944823, 0.981057, 0.763043, 0.770517, 0.730392]"
            }
        },
        "salt_pepper_data": {
            "test": {
                "oa": 0.9656113982200623,
                "aa": 0.8708568939871439,
                "kappa": 0.951299250125885,
                "classification": "[0.987785, 0.973541, 0.931191, 0.981476, 0.732609, 0.760638, 0.728758]"
            }
        },
        "zmguass_data": {
            "test": {
                "oa": 0.884445309638977,
                "aa": 0.7192691857388445,
                "kappa": 0.839148998260498,
                "classification": "[0.714418, 0.956314, 0.560857, 0.977194, 0.686957, 0.442249, 0.696895]"
            }
        }
    }
}