{
    "report1": {
        "eval": {
            "The Training time is: ": "24.903868746757507",
            "name": "Augsburg",
            "batchsize": 64,
            "epoch": 200,
            "LR": 0.0005,
            "seed": 0,
            "Best test acc": 0.9303127527236938,
            "oa": 0.9303127527236938,
            "aa": 0.7275854406891733,
            "kappa": 0.9019392728805542,
            "classification": "[0.955488, 0.974819, 0.786108, 0.954715, 0.556522, 0.474924, 0.390523]"
        }
    },
    "report2_by_noise": {
        "additive_data": {
            "test": {
                "oa": 0.8950300812721252,
                "aa": 0.6100902565122064,
                "kappa": 0.8526024222373962,
                "classification": "[0.923098, 0.977745, 0.246998, 0.958531, 0.565217, 0.149696, 0.449346]"
            }
        },
        "deadlines_data": {
            "test": {
                "oa": 0.9147309064865112,
                "aa": 0.6681786339377245,
                "kappa": 0.8800892233848572,
                "classification": "[0.948177, 0.979270, 0.541707, 0.952667, 0.543478, 0.321429, 0.390523]"
            }
        },
        "kernal_data": {
            "test": {
                "oa": 0.9312706589698792,
                "aa": 0.7386734139264691,
                "kappa": 0.9034957885742188,
                "classification": "[0.963261, 0.958539, 0.848750, 0.958857, 0.480435, 0.553191, 0.407680]"
            }
        },
        "stripes_data": {
            "test": {
                "oa": 0.9281893968582153,
                "aa": 0.7238237386207136,
                "kappa": 0.8990184664726257,
                "classification": "[0.952156, 0.973459, 0.775722, 0.953505, 0.547826, 0.471125, 0.392974]"
            }
        },
        "poisson_data": {
            "test": {
                "oa": 0.9302808046340942,
                "aa": 0.7272034792016242,
                "kappa": 0.9018935561180115,
                "classification": "[0.955488, 0.974860, 0.786433, 0.954715, 0.556522, 0.471884, 0.390523]"
            }
        },
        "salt_pepper_data": {
            "test": {
                "oa": 0.918913722038269,
                "aa": 0.6786575596470831,
                "kappa": 0.8859200477600098,
                "classification": "[0.949843, 0.977704, 0.620253, 0.955413, 0.552174, 0.294073, 0.401144]"
            }
        },
        "zmguass_data": {
            "test": {
                "oa": 0.8938806056976318,
                "aa": 0.6100767645358437,
                "kappa": 0.8510643243789673,
                "classification": "[0.909680, 0.979558, 0.279455, 0.955878, 0.556522, 0.168693, 0.420752]"
            }
        }
    }
}