{
    "report1": {
        "eval": {
            "The Training time is: ": "0.3445685903231303",
            "name": "Augsburg",
            "batchsize": 64,
            "epoch": 2,
            "LR": 0.0005,
            "seed": 0,
            "Best test acc": 0.7530053853988647,
            "oa": 0.7530053853988647,
            "aa": 0.3590246822945053,
            "kappa": 0.6717231869697571,
            "classification": "[0.861373, 0.852209, 0.000000, 0.799590, 0.000000, 0.000000, 0.000000]"
        }
    },
    "report2_by_noise": {
        "additive_data": {
            "test": {
                "oa": 0.7507703304290771,
                "aa": 0.35727166726142484,
                "kappa": 0.6689398884773254,
                "classification": "[0.849806, 0.852250, 0.000000, 0.798846, 0.000000, 0.000000, 0.000000]"
            }
        },
        "deadlines_data": {
            "test": {
                "oa": 0.7528138160705566,
                "aa": 0.3588579464881162,
                "kappa": 0.671481192111969,
                "classification": "[0.860170, 0.852291, 0.000000, 0.799544, 0.000000, 0.000000, 0.000000]"
            }
        },
        "kernal_data": {
            "test": {
                "oa": 0.756054699420929,
                "aa": 0.3614891481971421,
                "kappa": 0.6755423545837402,
                "classification": "[0.877938, 0.851220, 0.000000, 0.801266, 0.000000, 0.000000, 0.000000]"
            }
        },
        "stripes_data": {
            "test": {
                "oa": 0.7528138160705566,
                "aa": 0.3588799441426935,
                "kappa": 0.6714856624603271,
                "classification": "[0.860448, 0.852168, 0.000000, 0.799544, 0.000000, 0.000000, 0.000000]"
            }
        },
        "poisson_data": {
            "test": {
                "oa": 0.7529734969139099,
                "aa": 0.3590055745086524,
                "kappa": 0.6716846823692322,
                "classification": "[0.861281, 0.852168, 0.000000, 0.799590, 0.000000, 0.000000, 0.000000]"
            }
        },
        "salt_pepper_data": {
            "test": {
                "oa": 0.7526541948318481,
                "aa": 0.35873003243038404,
                "kappa": 0.6712813377380371,
                "classification": "[0.859337, 0.852415, 0.000000, 0.799358, 0.000000, 0.000000, 0.000000]"
            }
        },
        "zmguass_data": {
            "test": {
                "oa": 0.7507064342498779,
                "aa": 0.3572253579076022,
                "kappa": 0.6688610911369324,
                "classification": "[0.849528, 0.852250, 0.000000, 0.798799, 0.000000, 0.000000, 0.000000]"
            }
        }
    }
}