{
    "report1": {
        "eval": {
            "The Training time is: ": "35.25022405783336",
            "name": "Augsburg",
            "batchsize": 64,
            "epoch": 200,
            "LR": 0.0005,
            "seed": 0,
            "Best test acc": 0.9576289057731628,
            "oa": 0.9576289057731628,
            "aa": 0.8325864214812663,
            "kappa": 0.939973771572113,
            "classification": "[0.981584, 0.977415, 0.814346, 0.983152, 0.745652, 0.663374, 0.662582]"
        }
    },
    "report2_by_noise": {
        "additive_data": {
            "test": {
                "oa": 0.9502689838409424,
                "aa": 0.8089076161781402,
                "kappa": 0.9295942187309265,
                "classification": "[0.970757, 0.978033, 0.725738, 0.983152, 0.743478, 0.601064, 0.660131]"
            }
        },
        "deadlines_data": {
            "test": {
                "oa": 0.9565113186836243,
                "aa": 0.8290879212767593,
                "kappa": 0.9384013414382935,
                "classification": "[0.981122, 0.977085, 0.802337, 0.982919, 0.745652, 0.652736, 0.661765]"
            }
        },
        "kernal_data": {
            "test": {
                "oa": 0.9618595838546753,
                "aa": 0.8627841174072387,
                "kappa": 0.9460415840148926,
                "classification": "[0.983528, 0.970532, 0.917884, 0.980639, 0.752174, 0.770517, 0.664216]"
            }
        },
        "stripes_data": {
            "test": {
                "oa": 0.9565272927284241,
                "aa": 0.8284042336486281,
                "kappa": 0.9384183287620544,
                "classification": "[0.981584, 0.977250, 0.798117, 0.983245, 0.745652, 0.651216, 0.661765]"
            }
        },
        "poisson_data": {
            "test": {
                "oa": 0.9575650095939636,
                "aa": 0.8324414324591787,
                "kappa": 0.9398840665817261,
                "classification": "[0.981584, 0.977374, 0.813372, 0.983152, 0.745652, 0.663374, 0.662582]"
            }
        },
        "salt_pepper_data": {
            "test": {
                "oa": 0.95643150806427,
                "aa": 0.8283030828872083,
                "kappa": 0.9382838010787964,
                "classification": "[0.980381, 0.977415, 0.799091, 0.983198, 0.743478, 0.651976, 0.662582]"
            }
        },
        "zmguass_data": {
            "test": {
                "oa": 0.9494867324829102,
                "aa": 0.8078353735600176,
                "kappa": 0.9284979701042175,
                "classification": "[0.967148, 0.977992, 0.722493, 0.983245, 0.743478, 0.599544, 0.660948]"
            }
        }
    }
}