{
    "report1": {
        "eval": {
            "The Training time is: ": "26.442468599478403",
            "name": "Augsburg",
            "batchsize": 64,
            "epoch": 200,
            "LR": 0.0005,
            "seed": 0,
            "Best test acc": 0.9242779612541199,
            "oa": 0.9242779612541199,
            "aa": 0.697380678716814,
            "kappa": 0.893609344959259,
            "classification": "[0.965019, 0.962249, 0.742616, 0.960439, 0.495652, 0.446049, 0.309641]"
        }
    },
    "report2_by_noise": {
        "additive_data": {
            "test": {
                "oa": 0.8909430503845215,
                "aa": 0.5746993971585767,
                "kappa": 0.8470173478126526,
                "classification": "[0.940311, 0.959858, 0.233690, 0.971796, 0.495652, 0.119301, 0.302288]"
            }
        },
        "deadlines_data": {
            "test": {
                "oa": 0.9129907488822937,
                "aa": 0.6424525998112495,
                "kappa": 0.8776121139526367,
                "classification": "[0.947252, 0.969914, 0.542032, 0.966723, 0.476087, 0.310030, 0.285131]"
            }
        },
        "kernal_data": {
            "test": {
                "oa": 0.9250283241271973,
                "aa": 0.7103148360170678,
                "kappa": 0.8948749303817749,
                "classification": "[0.965575, 0.949637, 0.807530, 0.962534, 0.432609, 0.557751, 0.296569]"
            }
        },
        "stripes_data": {
            "test": {
                "oa": 0.9177482724189758,
                "aa": 0.6903823508471242,
                "kappa": 0.8846942186355591,
                "classification": "[0.948362, 0.953470, 0.721194, 0.962673, 0.486957, 0.453647, 0.306373]"
            }
        },
        "poisson_data": {
            "test": {
                "oa": 0.9241981506347656,
                "aa": 0.6971871484938819,
                "kappa": 0.8935009837150574,
                "classification": "[0.965019, 0.962043, 0.742941, 0.960486, 0.495652, 0.444529, 0.309641]"
            }
        },
        "salt_pepper_data": {
            "test": {
                "oa": 0.9148586392402649,
                "aa": 0.6583219557449721,
                "kappa": 0.8803572058677673,
                "classification": "[0.948640, 0.961960, 0.602077, 0.969189, 0.493478, 0.340426, 0.292484]"
            }
        },
        "zmguass_data": {
            "test": {
                "oa": 0.8928908109664917,
                "aa": 0.5778136352200635,
                "kappa": 0.8496696949005127,
                "classification": "[0.927263, 0.964062, 0.291464, 0.971796, 0.476087, 0.132979, 0.281046]"
            }
        }
    }
}