{
    "report1": {
        "eval": {
            "The Training time is: ": "233.75621912082036",
            "name": "Augsburg",
            "batchsize": 64,
            "epoch": 200,
            "LR": 0.0005,
            "seed": 0,
            "oa": 0.9782397150993347,
            "aa": 0.898602812640336,
            "kappa": 0.9690331816673279,
            "classification": "[0.993615, 0.991716, 0.961701, 0.985013, 0.808696, 0.852584, 0.696895]"
        }
    },
    "report2_by_noise": {
        "additive_data": {
            "test": {
                "oa": 0.8723278641700745,
                "aa": 0.5887769990577979,
                "kappa": 0.8223665952682495,
                "classification": "[0.927263, 0.936861, 0.087634, 0.956809, 0.565217, 0.079027, 0.568627]"
            }
        },
        "deadlines_data": {
            "test": {
                "oa": 0.8425211906433105,
                "aa": 0.6838184526401099,
                "kappa": 0.7862427830696106,
                "classification": "[0.841199, 0.862966, 0.510224, 0.909755, 0.593478, 0.471884, 0.597222]"
            }
        },
        "kernal_data": {
            "test": {
                "oa": 0.9612689018249512,
                "aa": 0.8735848184903767,
                "kappa": 0.9453027248382568,
                "classification": "[0.992134, 0.971439, 0.947744, 0.965838, 0.743478, 0.823708, 0.670752]"
            }
        },
        "stripes_data": {
            "test": {
                "oa": 0.8936092257499695,
                "aa": 0.8013057813613694,
                "kappa": 0.8541115522384644,
                "classification": "[0.938830, 0.862883, 0.861084, 0.940194, 0.639130, 0.758359, 0.608660]"
            }
        },
        "poisson_data": {
            "test": {
                "oa": 0.9781917929649353,
                "aa": 0.8983071869945229,
                "kappa": 0.9689651727676392,
                "classification": "[0.993615, 0.991799, 0.962025, 0.984874, 0.808696, 0.851064, 0.696078]"
            }
        },
        "salt_pepper_data": {
            "test": {
                "oa": 0.9087440371513367,
                "aa": 0.7734511189064962,
                "kappa": 0.8732093572616577,
                "classification": "[0.934666, 0.928165, 0.706913, 0.942614, 0.673913, 0.609422, 0.618464]"
            }
        },
        "zmguass_data": {
            "test": {
                "oa": 0.8594920039176941,
                "aa": 0.5865600404143445,
                "kappa": 0.8052709698677063,
                "classification": "[0.806034, 0.956149, 0.236611, 0.935679, 0.469565, 0.194529, 0.507353]"
            }
        }
    }
}