{
    "report1": {
        "eval": {
            "The Training time is: ": "429.77739719549817",
            "name": "Augsburg",
            "batchsize": 64,
            "epoch": 200,
            "LR": 0.0005,
            "seed": 0,
            "oa": 0.9720293283462524,
            "aa": 0.8710154032031718,
            "kappa": 0.9602630734443665,
            "classification": "[0.990653, 0.985658, 0.943525, 0.983943, 0.713043, 0.827508, 0.652778]"
        }
    },
    "report2_by_noise": {
        "additive_data": {
            "test": {
                "oa": 0.9027092456817627,
                "aa": 0.6605496814689616,
                "kappa": 0.8638623356819153,
                "classification": "[0.982140, 0.933523, 0.316456, 0.976496, 0.565217, 0.245441, 0.604575]"
            }
        },
        "deadlines_data": {
            "test": {
                "oa": 0.8960199356079102,
                "aa": 0.7572577643673482,
                "kappa": 0.8565415740013123,
                "classification": "[0.956135, 0.876896, 0.672833, 0.960300, 0.643478, 0.598024, 0.593137]"
            }
        },
        "kernal_data": {
            "test": {
                "oa": 0.9616999626159668,
                "aa": 0.8458979187839919,
                "kappa": 0.9458030462265015,
                "classification": "[0.988340, 0.974324, 0.926972, 0.975938, 0.647826, 0.768997, 0.638889]"
            }
        },
        "stripes_data": {
            "test": {
                "oa": 0.9079936742782593,
                "aa": 0.7923279170508029,
                "kappa": 0.8730447888374329,
                "classification": "[0.966130, 0.863419, 0.869523, 0.971284, 0.558696, 0.724924, 0.592320]"
            }
        },
        "poisson_data": {
            "test": {
                "oa": 0.9721251130104065,
                "aa": 0.8714055615662798,
                "kappa": 0.9603978395462036,
                "classification": "[0.990653, 0.985740, 0.943849, 0.984036, 0.715217, 0.826748, 0.653595]"
            }
        },
        "salt_pepper_data": {
            "test": {
                "oa": 0.9375928044319153,
                "aa": 0.7942559484334094,
                "kappa": 0.9123898148536682,
                "classification": "[0.983528, 0.943084, 0.786108, 0.972401, 0.593478, 0.661094, 0.620098]"
            }
        },
        "zmguass_data": {
            "test": {
                "oa": 0.9106598496437073,
                "aa": 0.6722908579909642,
                "kappa": 0.8747463822364807,
                "classification": "[0.971590, 0.947535, 0.439143, 0.970306, 0.480435, 0.337386, 0.559641]"
            }
        }
    }
}