{
    "report1": {
        "eval": {
            "The Training time is: ": "136.3262488524119",
            "name": "Augsburg",
            "batchsize": 64,
            "epoch": 100,
            "LR": 0.0005,
            "seed": 0,
            "Best test acc": 0.967718780040741,
            "oa": 0.967718780040741,
            "aa": 0.8515846983592068,
            "kappa": 0.9541805982589722,
            "classification": "[0.992041, 0.987306, 0.919182, 0.976822, 0.660870, 0.771277, 0.653595]"
        }
    },
    "report2_by_noise": {
        "additive_data": {
            "test": {
                "oa": 0.8895221948623657,
                "aa": 0.5987100778377803,
                "kappa": 0.8454152345657349,
                "classification": "[0.958449, 0.952316, 0.153846, 0.962161, 0.432609, 0.125380, 0.606209]"
            }
        },
        "deadlines_data": {
            "test": {
                "oa": 0.8966745138168335,
                "aa": 0.6990735963632015,
                "kappa": 0.8568292260169983,
                "classification": "[0.973811, 0.910402, 0.595586, 0.941962, 0.471739, 0.401976, 0.598039]"
            }
        },
        "kernal_data": {
            "test": {
                "oa": 0.9539409875869751,
                "aa": 0.8374943882070748,
                "kappa": 0.9350578784942627,
                "classification": "[0.991394, 0.970285, 0.905875, 0.959043, 0.608696, 0.784195, 0.642974]"
            }
        },
        "stripes_data": {
            "test": {
                "oa": 0.9251880049705505,
                "aa": 0.7865211861751582,
                "kappa": 0.8957257270812988,
                "classification": "[0.975569, 0.923426, 0.846154, 0.954668, 0.510870, 0.695289, 0.599673]"
            }
        },
        "poisson_data": {
            "test": {
                "oa": 0.9677826166152954,
                "aa": 0.8518028557126558,
                "kappa": 0.9542697072029114,
                "classification": "[0.992041, 0.987430, 0.919182, 0.976869, 0.663043, 0.771277, 0.652778]"
            }
        },
        "salt_pepper_data": {
            "test": {
                "oa": 0.9329150319099426,
                "aa": 0.742924713360838,
                "kappa": 0.9056581854820251,
                "classification": "[0.986859, 0.963444, 0.711782, 0.958438, 0.482609, 0.465805, 0.631536]"
            }
        },
        "zmguass_data": {
            "test": {
                "oa": 0.891485869884491,
                "aa": 0.6075273327893083,
                "kappa": 0.848240852355957,
                "classification": "[0.939756, 0.957468, 0.269393, 0.954761, 0.384783, 0.198328, 0.548203]"
            }
        }
    }
}