{
    "report1": {
        "eval": {
            "The Training time is: ": "32.07831044594447",
            "name": "Augsburg",
            "batchsize": 64,
            "epoch": 200,
            "LR": 0.0005,
            "seed": 0,
            "Best test acc": 0.9640946984291077,
            "oa": 0.9640946984291077,
            "aa": 0.8434083968959188,
            "kappa": 0.9490824341773987,
            "classification": "[0.994077, 0.983226, 0.875690, 0.977101, 0.660870, 0.691489, 0.721405]"
        }
    },
    "report2_by_noise": {
        "additive_data": {
            "test": {
                "oa": 0.9360601305961609,
                "aa": 0.7497191880931844,
                "kappa": 0.9095590710639954,
                "classification": "[0.957339, 0.983968, 0.544953, 0.977893, 0.654348, 0.417933, 0.711601]"
            }
        },
        "deadlines_data": {
            "test": {
                "oa": 0.9553937911987305,
                "aa": 0.8057827801831009,
                "kappa": 0.9367742538452148,
                "classification": "[0.990746, 0.984092, 0.766959, 0.976682, 0.647826, 0.580547, 0.693627]"
            }
        },
        "kernal_data": {
            "test": {
                "oa": 0.9617319107055664,
                "aa": 0.8657011999370117,
                "kappa": 0.9459365606307983,
                "classification": "[0.994448, 0.965216, 0.930217, 0.975752, 0.673913, 0.783435, 0.736928]"
            }
        },
        "stripes_data": {
            "test": {
                "oa": 0.9609655737876892,
                "aa": 0.8305593295454666,
                "kappa": 0.9446550011634827,
                "classification": "[0.993707, 0.983185, 0.830899, 0.977241, 0.658696, 0.661854, 0.708333]"
            }
        },
        "poisson_data": {
            "test": {
                "oa": 0.9640627503395081,
                "aa": 0.8432947164494244,
                "kappa": 0.9490376710891724,
                "classification": "[0.994077, 0.983144, 0.875690, 0.977148, 0.660870, 0.690729, 0.721405]"
            }
        },
        "salt_pepper_data": {
            "test": {
                "oa": 0.9570221900939941,
                "aa": 0.8124105946924597,
                "kappa": 0.939064621925354,
                "classification": "[0.989358, 0.984380, 0.780266, 0.978032, 0.650000, 0.596505, 0.708333]"
            }
        },
        "zmguass_data": {
            "test": {
                "oa": 0.9376406669616699,
                "aa": 0.7528077603960682,
                "kappa": 0.9117729663848877,
                "classification": "[0.964464, 0.983432, 0.552418, 0.978079, 0.656522, 0.424772, 0.709967]"
            }
        }
    }
}