{
    "report1": {
        "eval": {
            "The Training time is: ": "28.613853255907696",
            "name": "Augsburg",
            "batchsize": 64,
            "epoch": 200,
            "LR": 0.0005,
            "seed": 0,
            "Best test acc": 0.9696345329284668,
            "oa": 0.9696345329284668,
            "aa": 0.8824060012647515,
            "kappa": 0.9569301009178162,
            "classification": "[0.992041, 0.978404, 0.940279, 0.983291, 0.800000, 0.739362, 0.743464]"
        }
    },
    "report2_by_noise": {
        "additive_data": {
            "test": {
                "oa": 0.9135175943374634,
                "aa": 0.7268610342125246,
                "kappa": 0.8784981369972229,
                "classification": "[0.905515, 0.959652, 0.451801, 0.983524, 0.769565, 0.282675, 0.735294]"
            }
        },
        "deadlines_data": {
            "test": {
                "oa": 0.9539250135421753,
                "aa": 0.8157444450289073,
                "kappa": 0.9347258806228638,
                "classification": "[0.984731, 0.978487, 0.769231, 0.982407, 0.784783, 0.513678, 0.696895]"
            }
        },
        "kernal_data": {
            "test": {
                "oa": 0.9665533304214478,
                "aa": 0.8871743896280254,
                "kappa": 0.9526677131652832,
                "classification": "[0.990931, 0.967936, 0.952937, 0.982873, 0.802174, 0.789514, 0.723856]"
            }
        },
        "stripes_data": {
            "test": {
                "oa": 0.9651803374290466,
                "aa": 0.871783305364945,
                "kappa": 0.9506701231002808,
                "classification": "[0.991671, 0.973170, 0.900682, 0.983990, 0.802174, 0.708967, 0.741830]"
            }
        },
        "poisson_data": {
            "test": {
                "oa": 0.9695228338241577,
                "aa": 0.8821108162491933,
                "kappa": 0.9567732214927673,
                "classification": "[0.992041, 0.978239, 0.939955, 0.983291, 0.800000, 0.738602, 0.742647]"
            }
        },
        "salt_pepper_data": {
            "test": {
                "oa": 0.9606941342353821,
                "aa": 0.8510917427469599,
                "kappa": 0.9443095922470093,
                "classification": "[0.987599, 0.975107, 0.829276, 0.984734, 0.784783, 0.653495, 0.742647]"
            }
        },
        "zmguass_data": {
            "test": {
                "oa": 0.8963072896003723,
                "aa": 0.7110561290322522,
                "kappa": 0.8548733592033386,
                "classification": "[0.797890, 0.963403, 0.457968, 0.982733, 0.760870, 0.284954, 0.729575]"
            }
        }
    }
}