{
    "report1": {
        "eval": {
            "The Training time is: ": "25.944325264294942",
            "name": "Augsburg",
            "batchsize": 64,
            "epoch": 200,
            "LR": 0.0005,
            "seed": 0,
            "Best test acc": 0.9855836033821106,
            "oa": 0.9855836033821106,
            "aa": 0.9214259445388384,
            "kappa": 0.9794350862503052,
            "classification": "[0.994262, 0.995467, 0.967218, 0.993810, 0.834783, 0.888298, 0.776144]"
        }
    },
    "report2_by_noise": {
        "additive_data": {
            "test": {
                "oa": 0.693168580532074,
                "aa": 0.46790983754698673,
                "kappa": 0.6060745120048523,
                "classification": "[0.815843, 0.727168, 0.050633, 0.742251, 0.395652, 0.069149, 0.474673]"
            }
        },
        "deadlines_data": {
            "test": {
                "oa": 0.6243274807929993,
                "aa": 0.43115625255365614,
                "kappa": 0.5296218991279602,
                "classification": "[0.622895, 0.750453, 0.174619, 0.590524, 0.202174, 0.193769, 0.483660]"
            }
        },
        "kernal_data": {
            "test": {
                "oa": 0.9315899610519409,
                "aa": 0.8473733960504483,
                "kappa": 0.9045973420143127,
                "classification": "[0.975569, 0.963197, 0.866926, 0.905753, 0.639130, 0.845745, 0.735294]"
            }
        },
        "stripes_data": {
            "test": {
                "oa": 0.7283235192298889,
                "aa": 0.5798918350145306,
                "kappa": 0.6482223868370056,
                "classification": "[0.778086, 0.766279, 0.360597, 0.750303, 0.480435, 0.386778, 0.536765]"
            }
        },
        "poisson_data": {
            "test": {
                "oa": 0.9855995774269104,
                "aa": 0.9214033127820901,
                "kappa": 0.979457437992096,
                "classification": "[0.994355, 0.995590, 0.966245, 0.993763, 0.834783, 0.890578, 0.774510]"
            }
        },
        "salt_pepper_data": {
            "test": {
                "oa": 0.6949886083602905,
                "aa": 0.5209900769975105,
                "kappa": 0.6099098920822144,
                "classification": "[0.788266, 0.741139, 0.268744, 0.700642, 0.363043, 0.228723, 0.556373]"
            }
        },
        "zmguass_data": {
            "test": {
                "oa": 0.6885227560997009,
                "aa": 0.4542899275765767,
                "kappa": 0.6000657677650452,
                "classification": "[0.767722, 0.761457, 0.087634, 0.710695, 0.310870, 0.098024, 0.443627]"
            }
        }
    }
}