{
    "report1": {
        "eval": {
            "The Training time is: ": "25.849428315957386",
            "name": "Augsburg",
            "batchsize": 64,
            "epoch": 200,
            "LR": 0.0005,
            "seed": 0,
            "Best test acc": 0.9844979643821716,
            "oa": 0.9844979643821716,
            "aa": 0.9106752733389495,
            "kappa": 0.9778885841369629,
            "classification": "[0.992504, 0.995260, 0.972412, 0.993996, 0.789130, 0.860182, 0.771242]"
        }
    },
    "report2_by_noise": {
        "additive_data": {
            "test": {
                "oa": 0.7098519802093506,
                "aa": 0.4473999165484449,
                "kappa": 0.623394250869751,
                "classification": "[0.774385, 0.755193, 0.021746, 0.789910, 0.315217, 0.056231, 0.419118]"
            }
        },
        "deadlines_data": {
            "test": {
                "oa": 0.6266264319419861,
                "aa": 0.41833204303095967,
                "kappa": 0.5309765934944153,
                "classification": "[0.619286, 0.772132, 0.131126, 0.587173, 0.276087, 0.129939, 0.412582]"
            }
        },
        "kernal_data": {
            "test": {
                "oa": 0.9446014165878296,
                "aa": 0.8473675055252856,
                "kappa": 0.9222620725631714,
                "classification": "[0.971867, 0.967194, 0.908796, 0.938611, 0.610870, 0.772796, 0.761438]"
            }
        },
        "stripes_data": {
            "test": {
                "oa": 0.7164615392684937,
                "aa": 0.5585337816912723,
                "kappa": 0.6343013644218445,
                "classification": "[0.762632, 0.756594, 0.337228, 0.741413, 0.426087, 0.313070, 0.572712]"
            }
        },
        "poisson_data": {
            "test": {
                "oa": 0.9844979643821716,
                "aa": 0.9108949155701075,
                "kappa": 0.9778887033462524,
                "classification": "[0.992504, 0.995178, 0.971762, 0.994043, 0.789130, 0.863222, 0.770425]"
            }
        },
        "salt_pepper_data": {
            "test": {
                "oa": 0.6988999843597412,
                "aa": 0.48546586772005323,
                "kappa": 0.6124065518379211,
                "classification": "[0.749861, 0.750824, 0.174619, 0.743461, 0.347826, 0.117781, 0.513889]"
            }
        },
        "zmguass_data": {
            "test": {
                "oa": 0.6946213841438293,
                "aa": 0.4207820293268026,
                "kappa": 0.6043538451194763,
                "classification": "[0.661299, 0.776871, 0.041220, 0.778553, 0.247826, 0.063070, 0.376634]"
            }
        }
    }
}