{
    "report1": {
        "eval": {
            "The Training time is: ": "23.136961857477825",
            "name": "Augsburg",
            "batchsize": 64,
            "epoch": 200,
            "LR": 0.0005,
            "seed": 0,
            "Best test acc": 0.9645895957946777,
            "oa": 0.9645895957946777,
            "aa": 0.8610729667933372,
            "kappa": 0.9498162269592285,
            "classification": "[0.979826, 0.981207, 0.918858, 0.978405, 0.732609, 0.810790, 0.625817]"
        }
    },
    "report2_by_noise": {
        "additive_data": {
            "test": {
                "oa": 0.3522518575191498,
                "aa": 0.16933410766100082,
                "kappa": 0.2639753520488739,
                "classification": "[0.279012, 0.454748, 0.005518, 0.368472, 0.019565, 0.010638, 0.047386]"
            }
        },
        "deadlines_data": {
            "test": {
                "oa": 0.4598081111907959,
                "aa": 0.2507565143618129,
                "kappa": 0.36096516251564026,
                "classification": "[0.260596, 0.473912, 0.127556, 0.640696, 0.000000, 0.194529, 0.058007]"
            }
        },
        "kernal_data": {
            "test": {
                "oa": 0.8777240514755249,
                "aa": 0.6207207380014437,
                "kappa": 0.8317272663116455,
                "classification": "[0.896446, 0.893340, 0.846803, 0.937355, 0.150000, 0.399696, 0.221405]"
            }
        },
        "stripes_data": {
            "test": {
                "oa": 0.5866021513938904,
                "aa": 0.42834869466392905,
                "kappa": 0.4923723340034485,
                "classification": "[0.529983, 0.602786, 0.324895, 0.665084, 0.030435, 0.547872, 0.297386]"
            }
        },
        "poisson_data": {
            "test": {
                "oa": 0.9645895957946777,
                "aa": 0.8607444285769648,
                "kappa": 0.9498167037963867,
                "classification": "[0.980844, 0.981124, 0.919182, 0.978218, 0.734783, 0.808511, 0.622549]"
            }
        },
        "salt_pepper_data": {
            "test": {
                "oa": 0.5177450776100159,
                "aa": 0.30508091585990743,
                "kappa": 0.42239800095558167,
                "classification": "[0.647418, 0.622156, 0.196365, 0.440985, 0.047826, 0.159574, 0.021242]"
            }
        },
        "zmguass_data": {
            "test": {
                "oa": 0.45003750920295715,
                "aa": 0.21412850047811313,
                "kappa": 0.34995201230049133,
                "classification": "[0.286970, 0.502143, 0.019150, 0.595039, 0.076087, 0.012158, 0.007353]"
            }
        }
    }
}