{
    "report1": {
        "eval": {
            "The Training time is: ": "29.023018340269726",
            "name": "Augsburg",
            "batchsize": 64,
            "epoch": 200,
            "LR": 0.0005,
            "seed": 0,
            "Best test acc": 0.968612790107727,
            "oa": 0.968612790107727,
            "aa": 0.8737973558269221,
            "kappa": 0.9554581046104431,
            "classification": "[0.991301, 0.986111, 0.926972, 0.977194, 0.815217, 0.730243, 0.689542]"
        }
    },
    "report2_by_noise": {
        "additive_data": {
            "test": {
                "oa": 0.9160879254341125,
                "aa": 0.7427894755701818,
                "kappa": 0.8819035887718201,
                "classification": "[0.841569, 0.985781, 0.571243, 0.974309, 0.780435, 0.374620, 0.671569]"
            }
        },
        "deadlines_data": {
            "test": {
                "oa": 0.9603748321533203,
                "aa": 0.8386954400794936,
                "kappa": 0.943790078163147,
                "classification": "[0.980751, 0.988790, 0.841285, 0.976310, 0.802174, 0.634498, 0.647059]"
            }
        },
        "kernal_data": {
            "test": {
                "oa": 0.9621150493621826,
                "aa": 0.8836257166066774,
                "kappa": 0.946506142616272,
                "classification": "[0.990283, 0.962125, 0.958780, 0.977008, 0.800000, 0.776596, 0.720588]"
            }
        },
        "stripes_data": {
            "test": {
                "oa": 0.9665693044662476,
                "aa": 0.8652032251853893,
                "kappa": 0.9525706171989441,
                "classification": "[0.990006, 0.986070, 0.910419, 0.976450, 0.806522, 0.710486, 0.676471]"
            }
        },
        "poisson_data": {
            "test": {
                "oa": 0.9686447381973267,
                "aa": 0.8737709352352114,
                "kappa": 0.955502450466156,
                "classification": "[0.991301, 0.986111, 0.926647, 0.977334, 0.815217, 0.730243, 0.689542]"
            }
        },
        "salt_pepper_data": {
            "test": {
                "oa": 0.9628494381904602,
                "aa": 0.848329306467516,
                "kappa": 0.9472886919975281,
                "classification": "[0.980751, 0.988996, 0.869523, 0.976636, 0.793478, 0.656535, 0.672386]"
            }
        },
        "zmguass_data": {
            "test": {
                "oa": 0.9139485955238342,
                "aa": 0.7380738097981158,
                "kappa": 0.8789353370666504,
                "classification": "[0.828984, 0.986894, 0.572217, 0.973983, 0.771739, 0.369301, 0.663399]"
            }
        }
    }
}