{
    "report1": {
        "eval": {
            "The Training time is: ": "26.399387983481088",
            "name": "Augsburg",
            "batchsize": 64,
            "epoch": 200,
            "LR": 0.0005,
            "seed": 0,
            "oa": 0.9841148257255554,
            "aa": 0.9180639962784312,
            "kappa": 0.9773477911949158,
            "classification": "[0.995928, 0.992293, 0.955534, 0.995718, 0.860870, 0.854863, 0.771242]"
        }
    },
    "report2_by_noise": {
        "additive_data": {
            "test": {
                "oa": 0.11573031544685364,
                "aa": 0.1858303775663059,
                "kappa": 0.08648493140935898,
                "classification": "[0.046918, 0.000000, 0.001298, 0.256958, 0.002174, 0.000000, 0.993464]"
            }
        },
        "deadlines_data": {
            "test": {
                "oa": 0.23088589310646057,
                "aa": 0.26871361651855097,
                "kappa": 0.1758703589439392,
                "classification": "[0.112900, 0.087908, 0.329114, 0.416876, 0.017391, 0.085106, 0.831699]"
            }
        },
        "kernal_data": {
            "test": {
                "oa": 0.7313728332519531,
                "aa": 0.6317366082949063,
                "kappa": 0.6559537053108215,
                "classification": "[0.742828, 0.599159, 0.920156, 0.888811, 0.341304, 0.204407, 0.725490]"
            }
        },
        "stripes_data": {
            "test": {
                "oa": 0.4865015745162964,
                "aa": 0.4785787548001051,
                "kappa": 0.403823584318161,
                "classification": "[0.579863, 0.228899, 0.512821, 0.725589, 0.186957, 0.338146, 0.777778]"
            }
        },
        "poisson_data": {
            "test": {
                "oa": 0.9840828776359558,
                "aa": 0.9184593468546811,
                "kappa": 0.977302074432373,
                "classification": "[0.996206, 0.992458, 0.952937, 0.995532, 0.865217, 0.855623, 0.771242]"
            }
        },
        "salt_pepper_data": {
            "test": {
                "oa": 0.13362708687782288,
                "aa": 0.22032093054040347,
                "kappa": 0.10229741781949997,
                "classification": "[0.054229, 0.000206, 0.210646, 0.275063, 0.008696, 0.000760, 0.992647]"
            }
        },
        "zmguass_data": {
            "test": {
                "oa": 0.0864664688706398,
                "aa": 0.17107162661449776,
                "kappa": 0.06476389616727829,
                "classification": "[0.003331, 0.000041, 0.003570, 0.193009, 0.000000, 0.000000, 0.997549]"
            }
        }
    }
}