{
    "report1": {
        "eval": {
            "The Training time is: ": "50.4708331823349",
            "name": "Augsburg",
            "batchsize": 64,
            "epoch": 200,
            "LR": 0.001,
            "seed": 0,
            "Best test acc": 0.8360713124275208,
            "oa": 0.8360713124275208,
            "aa": 0.4292272937334931,
            "kappa": 0.7744204998016357,
            "classification": "[0.925967, 0.930679, 0.082765, 0.899330, 0.000000, 0.000000, 0.165850]"
        }
    },
    "report2_by_noise": {
        "additive_data": {
            "test": {
                "oa": 0.832463264465332,
                "aa": 0.42652274480062763,
                "kappa": 0.7697228193283081,
                "classification": "[0.911531, 0.928825, 0.083739, 0.898166, 0.000000, 0.000000, 0.163399]"
            }
        },
        "deadlines_data": {
            "test": {
                "oa": 0.8350974917411804,
                "aa": 0.4285694633944334,
                "kappa": 0.7731587886810303,
                "classification": "[0.922728, 0.930226, 0.083414, 0.898585, 0.000000, 0.000000, 0.165033]"
            }
        },
        "kernal_data": {
            "test": {
                "oa": 0.8380030989646912,
                "aa": 0.4304395465967847,
                "kappa": 0.776978075504303,
                "classification": "[0.936887, 0.927423, 0.080169, 0.903565, 0.000000, 0.000000, 0.165033]"
            }
        },
        "stripes_data": {
            "test": {
                "oa": 0.8351134061813354,
                "aa": 0.42875293094076394,
                "kappa": 0.7731903791427612,
                "classification": "[0.923561, 0.929814, 0.083414, 0.898632, 0.000000, 0.000000, 0.165850]"
            }
        },
        "poisson_data": {
            "test": {
                "oa": 0.835352897644043,
                "aa": 0.42871062926920356,
                "kappa": 0.773500919342041,
                "classification": "[0.924671, 0.929855, 0.083414, 0.898818, 0.000000, 0.000000, 0.164216]"
            }
        },
        "salt_pepper_data": {
            "test": {
                "oa": 0.8347302675247192,
                "aa": 0.42804602112943707,
                "kappa": 0.7726751565933228,
                "classification": "[0.921062, 0.929814, 0.083090, 0.898957, 0.000000, 0.000000, 0.163399]"
            }
        },
        "zmguass_data": {
            "test": {
                "oa": 0.8324472904205322,
                "aa": 0.4262570204949653,
                "kappa": 0.7696931958198547,
                "classification": "[0.911068, 0.929154, 0.083739, 0.898073, 0.000000, 0.000000, 0.161765]"
            }
        }
    }
}