{
    "report1": {
        "eval": {
            "The Training time is: ": "220.0929922779401",
            "name": "Augsburg",
            "batchsize": 64,
            "epoch": 200,
            "LR": 0.0005,
            "seed": 0,
            "oa": 0.9572776556015015,
            "aa": 0.833345305285488,
            "kappa": 0.9395422339439392,
            "classification": "[0.992504, 0.974613, 0.856540, 0.976729, 0.763043, 0.625380, 0.644608]"
        }
    },
    "report2_by_noise": {
        "additive_data": {
            "test": {
                "oa": 0.9421747326850891,
                "aa": 0.7737456755490547,
                "kappa": 0.9182165265083313,
                "classification": "[0.979733, 0.977168, 0.645570, 0.978311, 0.756522, 0.439210, 0.639706]"
            }
        },
        "deadlines_data": {
            "test": {
                "oa": 0.9546434283256531,
                "aa": 0.8218993548050432,
                "kappa": 0.9358265399932861,
                "classification": "[0.991486, 0.974200, 0.828627, 0.977148, 0.763043, 0.578267, 0.640523]"
            }
        },
        "kernal_data": {
            "test": {
                "oa": 0.958219587802887,
                "aa": 0.8566388912085496,
                "kappa": 0.9410133361816406,
                "classification": "[0.992782, 0.963279, 0.925024, 0.975193, 0.747826, 0.736322, 0.656046]"
            }
        },
        "stripes_data": {
            "test": {
                "oa": 0.9555693864822388,
                "aa": 0.825917962005002,
                "kappa": 0.9371289014816284,
                "classification": "[0.992227, 0.974819, 0.833496, 0.976729, 0.763043, 0.596505, 0.644608]"
            }
        },
        "poisson_data": {
            "test": {
                "oa": 0.9572457075119019,
                "aa": 0.8332525710155385,
                "kappa": 0.9394972324371338,
                "classification": "[0.992504, 0.974613, 0.855891, 0.976729, 0.763043, 0.625380, 0.644608]"
            }
        },
        "salt_pepper_data": {
            "test": {
                "oa": 0.9556971192359924,
                "aa": 0.8224466441053421,
                "kappa": 0.9372826814651489,
                "classification": "[0.991209, 0.976673, 0.827653, 0.977381, 0.758696, 0.586626, 0.638889]"
            }
        },
        "zmguass_data": {
            "test": {
                "oa": 0.9427814483642578,
                "aa": 0.7735702803465946,
                "kappa": 0.9190516471862793,
                "classification": "[0.983990, 0.977745, 0.638105, 0.978358, 0.758696, 0.439210, 0.638889]"
            }
        }
    }
}