{
    "report1": {
        "eval": {
            "The Training time is: ": "28.581455528736115",
            "name": "Augsburg",
            "batchsize": 64,
            "epoch": 200,
            "LR": 0.0005,
            "seed": 0,
            "Best test acc": 0.9713428020477295,
            "oa": 0.9713428020477295,
            "aa": 0.8768144037025952,
            "kappa": 0.9593158960342407,
            "classification": "[0.992412, 0.984627, 0.954560, 0.980499, 0.756522, 0.791793, 0.677288]"
        }
    },
    "report2_by_noise": {
        "additive_data": {
            "test": {
                "oa": 0.813464879989624,
                "aa": 0.5268748996147321,
                "kappa": 0.7429074645042419,
                "classification": "[0.520729, 0.982361, 0.055826, 0.944429, 0.560870, 0.047112, 0.576797]"
            }
        },
        "deadlines_data": {
            "test": {
                "oa": 0.9052636623382568,
                "aa": 0.7510089826579487,
                "kappa": 0.8680627942085266,
                "classification": "[0.874422, 0.964392, 0.711133, 0.926231, 0.615217, 0.567629, 0.598039]"
            }
        },
        "kernal_data": {
            "test": {
                "oa": 0.9504126906394958,
                "aa": 0.8471121966110121,
                "kappa": 0.9303252100944519,
                "classification": "[0.991301, 0.939499, 0.966245, 0.976264, 0.673913, 0.736322, 0.646242]"
            }
        },
        "stripes_data": {
            "test": {
                "oa": 0.9448249340057373,
                "aa": 0.8515195091205462,
                "kappa": 0.9225473403930664,
                "classification": "[0.963539, 0.959034, 0.927621, 0.953225, 0.723913, 0.789514, 0.643791]"
            }
        },
        "poisson_data": {
            "test": {
                "oa": 0.9712150692939758,
                "aa": 0.8764188239192006,
                "kappa": 0.9591360688209534,
                "classification": "[0.992412, 0.984463, 0.954236, 0.980499, 0.756522, 0.789514, 0.677288]"
            }
        },
        "salt_pepper_data": {
            "test": {
                "oa": 0.9256829023361206,
                "aa": 0.7831461269735959,
                "kappa": 0.8956408500671387,
                "classification": "[0.859060, 0.989655, 0.806881, 0.945872, 0.632609, 0.636018, 0.611928]"
            }
        },
        "zmguass_data": {
            "test": {
                "oa": 0.7850152254104614,
                "aa": 0.49443947655173465,
                "kappa": 0.7058107256889343,
                "classification": "[0.377938, 0.984133, 0.068484, 0.933957, 0.545652, 0.050912, 0.500000]"
            }
        }
    }
}