{
    "report1": {
        "eval": {
            "The Training time is: ": "29.58430464665095",
            "name": "Augsburg",
            "batchsize": 64,
            "epoch": 200,
            "LR": 0.0005,
            "seed": 0,
            "Best test acc": 0.9690278768539429,
            "oa": 0.9690278768539429,
            "aa": 0.8787940522214444,
            "kappa": 0.9560680985450745,
            "classification": "[0.993985, 0.982031, 0.925998, 0.978684, 0.793478, 0.800912, 0.676471]"
        }
    },
    "report2_by_noise": {
        "additive_data": {
            "test": {
                "oa": 0.9137251377105713,
                "aa": 0.7180018215304153,
                "kappa": 0.8785136342048645,
                "classification": "[0.879696, 0.982526, 0.415450, 0.975240, 0.723913, 0.389058, 0.660131]"
            }
        },
        "deadlines_data": {
            "test": {
                "oa": 0.9633922576904297,
                "aa": 0.8521552702886533,
                "kappa": 0.9480769634246826,
                "classification": "[0.989080, 0.984257, 0.854917, 0.978591, 0.778261, 0.727204, 0.652778]"
            }
        },
        "kernal_data": {
            "test": {
                "oa": 0.964445948600769,
                "aa": 0.8825494751739705,
                "kappa": 0.9497259259223938,
                "classification": "[0.992967, 0.969832, 0.939630, 0.975333, 0.780435, 0.847264, 0.672386]"
            }
        },
        "stripes_data": {
            "test": {
                "oa": 0.9673835039138794,
                "aa": 0.8701654427340088,
                "kappa": 0.9537356495857239,
                "classification": "[0.993615, 0.983226, 0.900682, 0.977846, 0.778261, 0.793313, 0.664216]"
            }
        },
        "poisson_data": {
            "test": {
                "oa": 0.9689800143241882,
                "aa": 0.8785628971923514,
                "kappa": 0.9560005068778992,
                "classification": "[0.993985, 0.981990, 0.925998, 0.978684, 0.793478, 0.800152, 0.675654]"
            }
        },
        "salt_pepper_data": {
            "test": {
                "oa": 0.9644778370857239,
                "aa": 0.8557683310561511,
                "kappa": 0.9496102929115295,
                "classification": "[0.989543, 0.985369, 0.861409, 0.977567, 0.760870, 0.753040, 0.662582]"
            }
        },
        "zmguass_data": {
            "test": {
                "oa": 0.9103405475616455,
                "aa": 0.7099272143587095,
                "kappa": 0.8738185167312622,
                "classification": "[0.865630, 0.984298, 0.407011, 0.973425, 0.717391, 0.373860, 0.647876]"
            }
        }
    }
}