{
    "report1": {
        "eval": {
            "The Training time is: ": "32.0236154238383",
            "name": "Augsburg",
            "batchsize": 64,
            "epoch": 200,
            "LR": 0.0005,
            "seed": 0,
            "Best test acc": 0.9649568200111389,
            "oa": 0.9649568200111389,
            "aa": 0.8521914370039375,
            "kappa": 0.9503458142280579,
            "classification": "[0.992412, 0.975684, 0.930217, 0.981104, 0.682609, 0.721125, 0.682190]"
        }
    },
    "report2_by_noise": {
        "additive_data": {
            "test": {
                "oa": 0.9404186010360718,
                "aa": 0.750259630290176,
                "kappa": 0.9156942367553711,
                "classification": "[0.981954, 0.975849, 0.605972, 0.983152, 0.650000, 0.378419, 0.676471]"
            }
        },
        "deadlines_data": {
            "test": {
                "oa": 0.9590018391609192,
                "aa": 0.8372761456494321,
                "kappa": 0.9420337677001953,
                "classification": "[0.992041, 0.964598, 0.911068, 0.982919, 0.660870, 0.677052, 0.672386]"
            }
        },
        "kernal_data": {
            "test": {
                "oa": 0.9385347366333008,
                "aa": 0.8548195817115986,
                "kappa": 0.9142940044403076,
                "classification": "[0.992967, 0.898121, 0.970140, 0.981756, 0.669565, 0.796353, 0.674837]"
            }
        },
        "stripes_data": {
            "test": {
                "oa": 0.9634560942649841,
                "aa": 0.840441726231304,
                "kappa": 0.9482083916664124,
                "classification": "[0.992412, 0.976673, 0.914314, 0.981662, 0.673913, 0.671733, 0.672386]"
            }
        },
        "poisson_data": {
            "test": {
                "oa": 0.9649408459663391,
                "aa": 0.8520026851389846,
                "kappa": 0.9503223896026611,
                "classification": "[0.992412, 0.975725, 0.929568, 0.981151, 0.682609, 0.720365, 0.682190]"
            }
        },
        "salt_pepper_data": {
            "test": {
                "oa": 0.9634880423545837,
                "aa": 0.841205964215736,
                "kappa": 0.9482486844062805,
                "classification": "[0.991394, 0.977168, 0.909120, 0.981942, 0.678261, 0.683891, 0.666667]"
            }
        },
        "zmguass_data": {
            "test": {
                "oa": 0.9381036758422852,
                "aa": 0.7456985847011378,
                "kappa": 0.9124442934989929,
                "classification": "[0.971590, 0.977085, 0.590393, 0.982779, 0.647826, 0.375380, 0.674837]"
            }
        }
    }
}