{
    "report1": {
        "eval": {
            "The Training time is: ": "26.505533762772878",
            "name": "Augsburg",
            "batchsize": 64,
            "epoch": 200,
            "LR": 0.0005,
            "seed": 0,
            "Best test acc": 0.9312546849250793,
            "oa": 0.9312546849250793,
            "aa": 0.7300858183167541,
            "kappa": 0.9033987043744335,
            "classification": "[0.958634, 0.973953, 0.882181, 0.944708, 0.491304, 0.495441, 0.364379]"
        }
    },
    "report2_by_noise": {
        "additive_data": {
            "test": {
                "oa": 0.8107668161392212,
                "aa": 0.4862312263585726,
                "kappa": 0.7421469625012164,
                "classification": "[0.842958, 0.993942, 0.051931, 0.778228, 0.295652, 0.014438, 0.426471]"
            }
        },
        "deadlines_data": {
            "test": {
                "oa": 0.8468636870384216,
                "aa": 0.602506612866442,
                "kappa": 0.7904796126072443,
                "classification": "[0.877383, 0.983267, 0.495294, 0.798520, 0.397826, 0.279635, 0.385621]"
            }
        },
        "kernal_data": {
            "test": {
                "oa": 0.9149384498596191,
                "aa": 0.7166066128052193,
                "kappa": 0.8814232119167379,
                "classification": "[0.929299, 0.945969, 0.910743, 0.938518, 0.373913, 0.517477, 0.400327]"
            }
        },
        "stripes_data": {
            "test": {
                "oa": 0.8869038820266724,
                "aa": 0.6913601616163421,
                "kappa": 0.8440249013565996,
                "classification": "[0.926707, 0.965257, 0.824408, 0.850740, 0.397826, 0.494681, 0.379902]"
            }
        },
        "poisson_data": {
            "test": {
                "oa": 0.9311908483505249,
                "aa": 0.7302859802015252,
                "kappa": 0.9033117191108393,
                "classification": "[0.958634, 0.973830, 0.881532, 0.944708, 0.493478, 0.495441, 0.364379]"
            }
        },
        "salt_pepper_data": {
            "test": {
                "oa": 0.825454592704773,
                "aa": 0.5652374645356709,
                "kappa": 0.7630548678606299,
                "classification": "[0.873311, 0.995219, 0.459266, 0.736433, 0.295652, 0.158055, 0.438725]"
            }
        },
        "zmguass_data": {
            "test": {
                "oa": 0.7830994725227356,
                "aa": 0.472012957257156,
                "kappa": 0.7076782193355828,
                "classification": "[0.787248, 0.996621, 0.066537, 0.719585, 0.267391, 0.018997, 0.447712]"
            }
        }
    }
}