{
    "report1": {
        "eval": {
            "The Training time is: ": "380.0589307149251",
            "name": "Augsburg",
            "batchsize": 64,
            "epoch": 200,
            "LR": 0.0005,
            "seed": 0,
            "oa": 0.9728435277938843,
            "aa": 0.8913807981726268,
            "kappa": 0.9614476561546326,
            "classification": "[0.992134, 0.986317, 0.944499, 0.978032, 0.763043, 0.863222, 0.712418]"
        }
    },
    "report2_by_noise": {
        "additive_data": {
            "test": {
                "oa": 0.9050561189651489,
                "aa": 0.6947378685256073,
                "kappa": 0.8672729134559631,
                "classification": "[0.969276, 0.940900, 0.395975, 0.962534, 0.645652, 0.289514, 0.659314]"
            }
        },
        "deadlines_data": {
            "test": {
                "oa": 0.8936411142349243,
                "aa": 0.7651050222297314,
                "kappa": 0.8533445596694946,
                "classification": "[0.940959, 0.893628, 0.660824, 0.939216, 0.654348, 0.613982, 0.652778]"
            }
        },
        "kernal_data": {
            "test": {
                "oa": 0.9589699506759644,
                "aa": 0.8675035047425401,
                "kappa": 0.9421005249023438,
                "classification": "[0.990191, 0.979105, 0.936060, 0.952062, 0.678261, 0.835866, 0.700980]"
            }
        },
        "stripes_data": {
            "test": {
                "oa": 0.923064649105072,
                "aa": 0.8362728439942094,
                "kappa": 0.8932065963745117,
                "classification": "[0.969276, 0.904179, 0.891269, 0.954110, 0.691304, 0.802432, 0.641340]"
            }
        },
        "poisson_data": {
            "test": {
                "oa": 0.9728435277938843,
                "aa": 0.8914892747057287,
                "kappa": 0.9614481329917908,
                "classification": "[0.992227, 0.986317, 0.944499, 0.977939, 0.763043, 0.863982, 0.712418]"
            }
        },
        "salt_pepper_data": {
            "test": {
                "oa": 0.9443300366401672,
                "aa": 0.832313460000283,
                "kappa": 0.9217601418495178,
                "classification": "[0.985008, 0.956067, 0.827653, 0.960905, 0.682609, 0.731763, 0.682190]"
            }
        },
        "zmguass_data": {
            "test": {
                "oa": 0.9094305038452148,
                "aa": 0.6963737418789784,
                "kappa": 0.8732461333274841,
                "classification": "[0.952434, 0.950915, 0.495618, 0.958717, 0.547826, 0.378419, 0.590686]"
            }
        }
    }
}