{
    "report1": {
        "eval": {
            "The Training time is: ": "28.878177070617674",
            "name": "Augsburg",
            "batchsize": 64,
            "epoch": 200,
            "LR": 0.0005,
            "seed": 0,
            "Best test acc": 0.9693471789360046,
            "oa": 0.9693471789360046,
            "aa": 0.8645887964128945,
            "kappa": 0.9564875364303589,
            "classification": "[0.993430, 0.983721, 0.941253, 0.981244, 0.750000, 0.743161, 0.659314]"
        }
    },
    "report2_by_noise": {
        "additive_data": {
            "test": {
                "oa": 0.8827210664749146,
                "aa": 0.645311832098643,
                "kappa": 0.8358761072158813,
                "classification": "[0.792800, 0.971810, 0.262902, 0.977381, 0.700000, 0.193009, 0.619281]"
            }
        },
        "deadlines_data": {
            "test": {
                "oa": 0.9540207982063293,
                "aa": 0.8069707091910835,
                "kappa": 0.9348685145378113,
                "classification": "[0.983620, 0.981619, 0.808504, 0.977381, 0.728261, 0.572188, 0.597222]"
            }
        },
        "kernal_data": {
            "test": {
                "oa": 0.9648610353469849,
                "aa": 0.8687492209478364,
                "kappa": 0.9502739310264587,
                "classification": "[0.993892, 0.968925, 0.948718, 0.981057, 0.741304, 0.776596, 0.670752]"
            }
        },
        "stripes_data": {
            "test": {
                "oa": 0.963567852973938,
                "aa": 0.8526051219209306,
                "kappa": 0.9483850002288818,
                "classification": "[0.990376, 0.977580, 0.920156, 0.978684, 0.743478, 0.715805, 0.642157]"
            }
        },
        "poisson_data": {
            "test": {
                "oa": 0.96929931640625,
                "aa": 0.8645703723308127,
                "kappa": 0.9564206600189209,
                "classification": "[0.993430, 0.983638, 0.941253, 0.981197, 0.750000, 0.743161, 0.659314]"
            }
        },
        "salt_pepper_data": {
            "test": {
                "oa": 0.9619553685188293,
                "aa": 0.8338136848765875,
                "kappa": 0.9460243582725525,
                "classification": "[0.985101, 0.984792, 0.871470, 0.980592, 0.739130, 0.637538, 0.638072]"
            }
        },
        "zmguass_data": {
            "test": {
                "oa": 0.879400372505188,
                "aa": 0.6501669590477663,
                "kappa": 0.831447184085846,
                "classification": "[0.751897, 0.974942, 0.329763, 0.974448, 0.695652, 0.215805, 0.608660]"
            }
        }
    }
}