{
    "report1": {
        "eval": {
            "The Training time is: ": "0.0",
            "name": "Augsburg",
            "batchsize": 64,
            "epoch": 200,
            "LR": 0.0005,
            "seed": 0,
            "oa": 0.9747753143310547,
            "aa": 0.8900284628158567,
            "kappa": 0.9641542434692383,
            "classification": "[0.992319, 0.987801, 0.956183, 0.981942, 0.769565, 0.870821, 0.671569]"
        }
    },
    "report2_by_noise": {
        "additive_data": {
            "test": {
                "oa": 0.8877021670341492,
                "aa": 0.6399429108495914,
                "kappa": 0.8433289527893066,
                "classification": "[0.948640, 0.935748, 0.196365, 0.966769, 0.654348, 0.185410, 0.592320]"
            }
        },
        "deadlines_data": {
            "test": {
                "oa": 0.874163806438446,
                "aa": 0.7398332599119088,
                "kappa": 0.8278472423553467,
                "classification": "[0.924024, 0.864078, 0.643298, 0.933259, 0.656522, 0.554711, 0.602941]"
            }
        },
        "kernal_data": {
            "test": {
                "oa": 0.9569903016090393,
                "aa": 0.8580039678845838,
                "kappa": 0.9393254518508911,
                "classification": "[0.990468, 0.972964, 0.920805, 0.958485, 0.686957, 0.847264, 0.629085]"
            }
        },
        "stripes_data": {
            "test": {
                "oa": 0.9036991000175476,
                "aa": 0.8175253145638306,
                "kappa": 0.8674837350845337,
                "classification": "[0.953359, 0.866222, 0.882506, 0.953412, 0.682609, 0.785714, 0.598856]"
            }
        },
        "poisson_data": {
            "test": {
                "oa": 0.9746954441070557,
                "aa": 0.8896268292382871,
                "kappa": 0.9640411734580994,
                "classification": "[0.992319, 0.987718, 0.955858, 0.981988, 0.769565, 0.870821, 0.669118]"
            }
        },
        "salt_pepper_data": {
            "test": {
                "oa": 0.9282692074775696,
                "aa": 0.8023696101229343,
                "kappa": 0.8997441530227661,
                "classification": "[0.963446, 0.935790, 0.799740, 0.959695, 0.673913, 0.667173, 0.616830]"
            }
        },
        "zmguass_data": {
            "test": {
                "oa": 0.8942956924438477,
                "aa": 0.6632402595228851,
                "kappa": 0.8524152636528015,
                "classification": "[0.916065, 0.950997, 0.377150, 0.956251, 0.600000, 0.294833, 0.547386]"
            }
        }
    }
}