{
    "report1": {
        "eval": {
            "The Training time is: ": "209.08269348541896",
            "name": "Augsburg",
            "batchsize": 64,
            "epoch": 150,
            "LR": 0.0005,
            "seed": 0,
            "Best test acc": 0.9750626683235168,
            "oa": 0.9750626683235168,
            "aa": 0.8828407835982371,
            "kappa": 0.9645398259162903,
            "classification": "[0.991116, 0.991716, 0.945148, 0.981337, 0.719565, 0.821429, 0.729575]"
        }
    },
    "report2_by_noise": {
        "additive_data": {
            "test": {
                "oa": 0.8850359916687012,
                "aa": 0.624486287316045,
                "kappa": 0.8396362662315369,
                "classification": "[0.959004, 0.943332, 0.138916, 0.954668, 0.591304, 0.132219, 0.651961]"
            }
        },
        "deadlines_data": {
            "test": {
                "oa": 0.865654468536377,
                "aa": 0.7044325786419676,
                "kappa": 0.8163620829582214,
                "classification": "[0.915973, 0.888147, 0.591366, 0.900819, 0.578261, 0.411854, 0.644608]"
            }
        },
        "kernal_data": {
            "test": {
                "oa": 0.9602152109146118,
                "aa": 0.8575399394188767,
                "kappa": 0.9438029527664185,
                "classification": "[0.989450, 0.978116, 0.941577, 0.959415, 0.628261, 0.790274, 0.715686]"
            }
        },
        "stripes_data": {
            "test": {
                "oa": 0.8995162844657898,
                "aa": 0.789862325696534,
                "kappa": 0.861637532711029,
                "classification": "[0.948547, 0.892804, 0.828627, 0.926091, 0.591304, 0.704407, 0.637255]"
            }
        },
        "poisson_data": {
            "test": {
                "oa": 0.9750307202339172,
                "aa": 0.8826997662758009,
                "kappa": 0.9644947648048401,
                "classification": "[0.991301, 0.991675, 0.944823, 0.981290, 0.719565, 0.820669, 0.729575]"
            }
        },
        "salt_pepper_data": {
            "test": {
                "oa": 0.9230007529258728,
                "aa": 0.7806459764059859,
                "kappa": 0.8924707174301147,
                "classification": "[0.968073, 0.944733, 0.738721, 0.943405, 0.597826, 0.569149, 0.702614]"
            }
        },
        "zmguass_data": {
            "test": {
                "oa": 0.8875424861907959,
                "aa": 0.6278448770810705,
                "kappa": 0.8430987000465393,
                "classification": "[0.935869, 0.956685, 0.248296, 0.942428, 0.489130, 0.231003, 0.591503]"
            }
        }
    }
}