{
    "report1": {
        "eval": {
            "The Training time is: ": "25.924532175064087",
            "name": "Augsburg",
            "batchsize": 64,
            "epoch": 200,
            "LR": 0.0005,
            "seed": 0,
            "Best test acc": 0.9847214818000793,
            "oa": 0.9847214818000793,
            "aa": 0.9151389809311795,
            "kappa": 0.9782043099403381,
            "classification": "[0.990006, 0.996002, 0.960727, 0.994648, 0.804348, 0.889818, 0.770425]"
        }
    },
    "report2_by_noise": {
        "additive_data": {
            "test": {
                "oa": 0.7254657745361328,
                "aa": 0.4492157544729305,
                "kappa": 0.6396057605743408,
                "classification": "[0.658708, 0.771719, 0.032782, 0.871405, 0.291304, 0.056991, 0.461601]"
            }
        },
        "deadlines_data": {
            "test": {
                "oa": 0.6561457514762878,
                "aa": 0.430233926155993,
                "kappa": 0.5603947043418884,
                "classification": "[0.493800, 0.789482, 0.117170, 0.714791, 0.293478, 0.163374, 0.439542]"
            }
        },
        "kernal_data": {
            "test": {
                "oa": 0.9325318932533264,
                "aa": 0.8434252600828505,
                "kappa": 0.9055809378623962,
                "classification": "[0.904035, 0.965628, 0.873093, 0.942009, 0.667391, 0.821429, 0.730392]"
            }
        },
        "stripes_data": {
            "test": {
                "oa": 0.7422450184822083,
                "aa": 0.5554537589415683,
                "kappa": 0.6629002094268799,
                "classification": "[0.712104, 0.775676, 0.348913, 0.820674, 0.352174, 0.332067, 0.546569]"
            }
        },
        "poisson_data": {
            "test": {
                "oa": 0.9846895337104797,
                "aa": 0.9143624506584782,
                "kappa": 0.978158175945282,
                "classification": "[0.990191, 0.996085, 0.959429, 0.994648, 0.800000, 0.890578, 0.769608]"
            }
        },
        "salt_pepper_data": {
            "test": {
                "oa": 0.7176429033279419,
                "aa": 0.48351647049897056,
                "kappa": 0.6317112445831299,
                "classification": "[0.628262, 0.770936, 0.183382, 0.834776, 0.317391, 0.147416, 0.502451]"
            }
        },
        "zmguass_data": {
            "test": {
                "oa": 0.7081277966499329,
                "aa": 0.41260176854978015,
                "kappa": 0.617646336555481,
                "classification": "[0.545993, 0.791337, 0.033431, 0.861631, 0.221739, 0.050912, 0.383170]"
            }
        }
    }
}