{
    "report1": {
        "eval": {
            "The Training time is: ": "232.86554379463195",
            "name": "Augsburg",
            "batchsize": 64,
            "epoch": 200,
            "LR": 0.0005,
            "seed": 0,
            "oa": 0.9770582914352417,
            "aa": 0.890331922452037,
            "kappa": 0.9673511385917664,
            "classification": "[0.990376, 0.994271, 0.951315, 0.982966, 0.767391, 0.833587, 0.712418]"
        }
    },
    "report2_by_noise": {
        "additive_data": {
            "test": {
                "oa": 0.866133451461792,
                "aa": 0.5877627582287319,
                "kappa": 0.8138241767883301,
                "classification": "[0.854340, 0.959034, 0.124310, 0.943638, 0.556522, 0.086626, 0.589869]"
            }
        },
        "deadlines_data": {
            "test": {
                "oa": 0.870779275894165,
                "aa": 0.7162345831512609,
                "kappa": 0.8226422667503357,
                "classification": "[0.887748, 0.910608, 0.552093, 0.905287, 0.645652, 0.484802, 0.627451]"
            }
        },
        "kernal_data": {
            "test": {
                "oa": 0.9586506485939026,
                "aa": 0.8545194652389343,
                "kappa": 0.94155353307724,
                "classification": "[0.987970, 0.986482, 0.885751, 0.954389, 0.689130, 0.804711, 0.673203]"
            }
        },
        "stripes_data": {
            "test": {
                "oa": 0.9067004919052124,
                "aa": 0.8016029308230433,
                "kappa": 0.8711163401603699,
                "classification": "[0.943550, 0.904303, 0.836092, 0.932142, 0.604348, 0.768237, 0.622549]"
            }
        },
        "poisson_data": {
            "test": {
                "oa": 0.9769625067710876,
                "aa": 0.8901584996482385,
                "kappa": 0.9672160744667053,
                "classification": "[0.990468, 0.994189, 0.950990, 0.982826, 0.767391, 0.832827, 0.712418]"
            }
        },
        "salt_pepper_data": {
            "test": {
                "oa": 0.9070836901664734,
                "aa": 0.7237763206716418,
                "kappa": 0.8703600168228149,
                "classification": "[0.940496, 0.962867, 0.578384, 0.925766, 0.593478, 0.444529, 0.620915]"
            }
        },
        "zmguass_data": {
            "test": {
                "oa": 0.8388492465019226,
                "aa": 0.5723158290978464,
                "kappa": 0.7778291702270508,
                "classification": "[0.703591, 0.969008, 0.231743, 0.913106, 0.491304, 0.166413, 0.531046]"
            }
        }
    }
}