{
    "report1": {
        "eval": {
            "The Training time is: ": "29.616874738534293",
            "name": "Augsburg",
            "batchsize": 64,
            "epoch": 200,
            "LR": 0.0005,
            "seed": 0,
            "Best test acc": 0.9661701321601868,
            "oa": 0.9661701321601868,
            "aa": 0.854732456143245,
            "kappa": 0.9520183801651001,
            "classification": "[0.993152, 0.978239, 0.898410, 0.984036, 0.702174, 0.752280, 0.674837]"
        }
    },
    "report2_by_noise": {
        "additive_data": {
            "test": {
                "oa": 0.9130066633224487,
                "aa": 0.7040157569028554,
                "kappa": 0.8775742650032043,
                "classification": "[0.917823, 0.967854, 0.355404, 0.982128, 0.693478, 0.348024, 0.663399]"
            }
        },
        "deadlines_data": {
            "test": {
                "oa": 0.9413605332374573,
                "aa": 0.7703691706389664,
                "kappa": 0.9171451926231384,
                "classification": "[0.985656, 0.972676, 0.635183, 0.976682, 0.667391, 0.535714, 0.619281]"
            }
        },
        "kernal_data": {
            "test": {
                "oa": 0.9625939726829529,
                "aa": 0.8581975518461386,
                "kappa": 0.9470757842063904,
                "classification": "[0.993244, 0.966988, 0.906199, 0.983431, 0.702174, 0.778875, 0.676471]"
            }
        },
        "stripes_data": {
            "test": {
                "oa": 0.957038164138794,
                "aa": 0.8340288818858598,
                "kappa": 0.9392227530479431,
                "classification": "[0.991671, 0.969832, 0.823109, 0.981430, 0.691304, 0.726444, 0.654412]"
            }
        },
        "poisson_data": {
            "test": {
                "oa": 0.9659945368766785,
                "aa": 0.8540546289943568,
                "kappa": 0.951770544052124,
                "classification": "[0.993152, 0.978157, 0.896787, 0.984036, 0.702174, 0.749240, 0.674837]"
            }
        },
        "salt_pepper_data": {
            "test": {
                "oa": 0.9516739249229431,
                "aa": 0.8007181581556767,
                "kappa": 0.9315638542175293,
                "classification": "[0.989080, 0.976055, 0.724440, 0.982873, 0.693478, 0.579787, 0.659314]"
            }
        },
        "zmguass_data": {
            "test": {
                "oa": 0.8988457322120667,
                "aa": 0.703247103920943,
                "kappa": 0.8582361340522766,
                "classification": "[0.807144, 0.971480, 0.446933, 0.978405, 0.693478, 0.370061, 0.655229]"
            }
        }
    }
}