{
    "report1": {
        "eval": {
            "name": "Augsburg",
            "batchsize": 64,
            "epoch": 200,
            "LR": 0.0005,
            "seed": 0,
            "oa": 0.9621629118919373,
            "aa": 0.859465908356367,
            "kappa": 0.9464060068130493,
            "classification": "[0.988525, 0.977868, 0.868874, 0.978358, 0.784783, 0.690729, 0.727124]"
        }
    },
    "report2_by_noise": {
        "additive_data": {
            "test": {
                "oa": 0.9504286646842957,
                "aa": 0.8136875419766723,
                "kappa": 0.9298028349876404,
                "classification": "[0.982047, 0.980176, 0.678027, 0.979940, 0.784783, 0.565350, 0.725490]"
            }
        },
        "deadlines_data": {
            "test": {
                "oa": 0.9592892527580261,
                "aa": 0.8488599008361829,
                "kappa": 0.9423556327819824,
                "classification": "[0.985841, 0.976714, 0.841285, 0.979149, 0.782609, 0.655015, 0.721405]"
            }
        },
        "kernal_data": {
            "test": {
                "oa": 0.9610134363174438,
                "aa": 0.8795546102139156,
                "kappa": 0.9449777603149414,
                "classification": "[0.991301, 0.960106, 0.948718, 0.976496, 0.760870, 0.796353, 0.723039]"
            }
        },
        "stripes_data": {
            "test": {
                "oa": 0.9599597454071045,
                "aa": 0.8502430677019965,
                "kappa": 0.9432889819145203,
                "classification": "[0.988247, 0.977827, 0.834469, 0.978917, 0.784783, 0.660334, 0.727124]"
            }
        },
        "poisson_data": {
            "test": {
                "oa": 0.9621469974517822,
                "aa": 0.859316874778634,
                "kappa": 0.9463830590248108,
                "classification": "[0.988525, 0.977910, 0.868549, 0.978358, 0.784783, 0.689970, 0.727124]"
            }
        },
        "salt_pepper_data": {
            "test": {
                "oa": 0.9594328999519348,
                "aa": 0.8468647051880456,
                "kappa": 0.9425298571586609,
                "classification": "[0.985656, 0.979105, 0.823109, 0.979568, 0.784783, 0.651976, 0.723856]"
            }
        },
        "zmguass_data": {
            "test": {
                "oa": 0.9495186805725098,
                "aa": 0.8115212844455241,
                "kappa": 0.9285222291946411,
                "classification": "[0.981677, 0.980300, 0.662123, 0.979522, 0.784783, 0.568389, 0.723856]"
            }
        }
    }
}