{
    "report1": {
        "eval": {
            "The Training time is: ": "381.18296159903207",
            "name": "Augsburg",
            "batchsize": 64,
            "epoch": 200,
            "LR": 0.0005,
            "seed": 0,
            "oa": 0.9718536734580994,
            "aa": 0.884257381120824,
            "kappa": 0.9600338935852051,
            "classification": "[0.991394, 0.983185, 0.934112, 0.983943, 0.786957, 0.820669, 0.689542]"
        }
    },
    "report2_by_noise": {
        "additive_data": {
            "test": {
                "oa": 0.900601863861084,
                "aa": 0.6671752241994582,
                "kappa": 0.860689640045166,
                "classification": "[0.937535, 0.950915, 0.279455, 0.976077, 0.671739, 0.207447, 0.647059]"
            }
        },
        "deadlines_data": {
            "test": {
                "oa": 0.9039066433906555,
                "aa": 0.7664508260373347,
                "kappa": 0.8667170405387878,
                "classification": "[0.934296, 0.904138, 0.655956, 0.963977, 0.702174, 0.582067, 0.622549]"
            }
        },
        "kernal_data": {
            "test": {
                "oa": 0.9614444971084595,
                "aa": 0.860476919723454,
                "kappa": 0.9454774856567383,
                "classification": "[0.988895, 0.971109, 0.910743, 0.976031, 0.708696, 0.797112, 0.670752]"
            }
        },
        "stripes_data": {
            "test": {
                "oa": 0.9219630360603333,
                "aa": 0.8376269788784666,
                "kappa": 0.8917257189750671,
                "classification": "[0.964372, 0.888971, 0.882181, 0.972261, 0.734783, 0.792553, 0.628268]"
            }
        },
        "poisson_data": {
            "test": {
                "oa": 0.9718217849731445,
                "aa": 0.8839541426492874,
                "kappa": 0.9599889516830444,
                "classification": "[0.991486, 0.983226, 0.934112, 0.983803, 0.784783, 0.819909, 0.690359]"
            }
        },
        "salt_pepper_data": {
            "test": {
                "oa": 0.9372894763946533,
                "aa": 0.8250441020564151,
                "kappa": 0.9119876623153687,
                "classification": "[0.961595, 0.944403, 0.773775, 0.974542, 0.758696, 0.690729, 0.671569]"
            }
        },
        "zmguass_data": {
            "test": {
                "oa": 0.9081533551216125,
                "aa": 0.6986647275857045,
                "kappa": 0.8711439967155457,
                "classification": "[0.909402, 0.963320, 0.437520, 0.969841, 0.663043, 0.350304, 0.597222]"
            }
        }
    }
}