{
    "report1": {
        "eval": {
            "The Training time is: ": "30.73619693517685",
            "name": "Augsburg",
            "batchsize": 64,
            "epoch": 200,
            "LR": 0.0005,
            "seed": 0,
            "Best test acc": 0.9710234999656677,
            "oa": 0.9710234999656677,
            "aa": 0.883675940941144,
            "kappa": 0.9588829278945923,
            "classification": "[0.993522, 0.983844, 0.942876, 0.978311, 0.767391, 0.823708, 0.696078]"
        }
    },
    "report2_by_noise": {
        "additive_data": {
            "test": {
                "oa": 0.9208455085754395,
                "aa": 0.763098260328449,
                "kappa": 0.8887301087379456,
                "classification": "[0.883306, 0.971192, 0.582928, 0.974542, 0.750000, 0.489362, 0.690359]"
            }
        },
        "deadlines_data": {
            "test": {
                "oa": 0.967431366443634,
                "aa": 0.8689923564553593,
                "kappa": 0.9538105130195618,
                "classification": "[0.991579, 0.982155, 0.916586, 0.978498, 0.756522, 0.770517, 0.687092]"
            }
        },
        "kernal_data": {
            "test": {
                "oa": 0.9604067802429199,
                "aa": 0.8838396512891346,
                "kappa": 0.9441750049591064,
                "classification": "[0.992874, 0.953223, 0.961376, 0.978777, 0.767391, 0.840426, 0.692810]"
            }
        },
        "stripes_data": {
            "test": {
                "oa": 0.9696186184883118,
                "aa": 0.8790249831448562,
                "kappa": 0.9568973779678345,
                "classification": "[0.993337, 0.983762, 0.928595, 0.977706, 0.771739, 0.797872, 0.700163]"
            }
        },
        "poisson_data": {
            "test": {
                "oa": 0.9709436893463135,
                "aa": 0.8833512904115105,
                "kappa": 0.9587700963020325,
                "classification": "[0.993522, 0.983844, 0.942227, 0.978265, 0.767391, 0.822948, 0.695261]"
            }
        },
        "salt_pepper_data": {
            "test": {
                "oa": 0.9686287641525269,
                "aa": 0.8725533180775663,
                "kappa": 0.9554862976074219,
                "classification": "[0.991579, 0.984463, 0.912042, 0.978591, 0.760870, 0.783435, 0.696895]"
            }
        },
        "zmguass_data": {
            "test": {
                "oa": 0.9231125116348267,
                "aa": 0.7646799597118739,
                "kappa": 0.8918540477752686,
                "classification": "[0.898205, 0.972016, 0.578384, 0.973331, 0.750000, 0.485562, 0.695261]"
            }
        }
    }
}