{
    "report1": {
        "eval": {
            "The Training time is: ": "34.57489411036173",
            "name": "Augsburg",
            "batchsize": 64,
            "epoch": 200,
            "LR": 0.0005,
            "seed": 0,
            "Best test acc": 0.9697622656822205,
            "oa": 0.9697622656822205,
            "aa": 0.8719481912799071,
            "kappa": 0.957081139087677,
            "classification": "[0.992134, 0.982773, 0.943849, 0.982035, 0.782609, 0.756839, 0.663399]"
        }
    },
    "report2_by_noise": {
        "additive_data": {
            "test": {
                "oa": 0.9236393570899963,
                "aa": 0.733525081794309,
                "kappa": 0.8922785520553589,
                "classification": "[0.892097, 0.983473, 0.559559, 0.979056, 0.717391, 0.360942, 0.642157]"
            }
        },
        "deadlines_data": {
            "test": {
                "oa": 0.9604547023773193,
                "aa": 0.8324420546924641,
                "kappa": 0.9439095258712769,
                "classification": "[0.982880, 0.983597, 0.849075, 0.981616, 0.756522, 0.645137, 0.628268]"
            }
        },
        "kernal_data": {
            "test": {
                "oa": 0.9628973007202148,
                "aa": 0.8743538446110364,
                "kappa": 0.9475768804550171,
                "classification": "[0.993615, 0.959199, 0.960078, 0.983896, 0.773913, 0.798632, 0.651144]"
            }
        },
        "stripes_data": {
            "test": {
                "oa": 0.9676070213317871,
                "aa": 0.8633579325472114,
                "kappa": 0.9540389776229858,
                "classification": "[0.989820, 0.981784, 0.929244, 0.982081, 0.767391, 0.736322, 0.656863]"
            }
        },
        "poisson_data": {
            "test": {
                "oa": 0.969698429107666,
                "aa": 0.8717822560812744,
                "kappa": 0.9569913744926453,
                "classification": "[0.992134, 0.982649, 0.943525, 0.982081, 0.782609, 0.756079, 0.663399]"
            }
        },
        "salt_pepper_data": {
            "test": {
                "oa": 0.9642543792724609,
                "aa": 0.8473929144650366,
                "kappa": 0.9492798447608948,
                "classification": "[0.983065, 0.984009, 0.897111, 0.982128, 0.760870, 0.670973, 0.653595]"
            }
        },
        "zmguass_data": {
            "test": {
                "oa": 0.9200472831726074,
                "aa": 0.7308987569883965,
                "kappa": 0.8873259425163269,
                "classification": "[0.868869, 0.983680, 0.572866, 0.978265, 0.708696, 0.360942, 0.642974]"
            }
        }
    }
}