{
    "report1": {
        "eval": {
            "The Training time is: ": "30.582533784707387",
            "name": "Augsburg",
            "batchsize": 64,
            "epoch": 200,
            "LR": 0.0005,
            "seed": 0,
            "Best test acc": 0.9676548838615417,
            "oa": 0.9676548838615417,
            "aa": 0.864146811864891,
            "kappa": 0.9541101455688477,
            "classification": "[0.993244, 0.982814, 0.925998, 0.979522, 0.771739, 0.746201, 0.649510]"
        }
    },
    "report2_by_noise": {
        "additive_data": {
            "test": {
                "oa": 0.9162794947624207,
                "aa": 0.7416607545793806,
                "kappa": 0.8822290301322937,
                "classification": "[0.839349, 0.981083, 0.595586, 0.977427, 0.730435, 0.424772, 0.642974]"
            }
        },
        "deadlines_data": {
            "test": {
                "oa": 0.9640946984291077,
                "aa": 0.8548395153798012,
                "kappa": 0.9491012096405029,
                "classification": "[0.990191, 0.980671, 0.900032, 0.978730, 0.769565, 0.724164, 0.640523]"
            }
        },
        "kernal_data": {
            "test": {
                "oa": 0.9615243673324585,
                "aa": 0.8765040010995805,
                "kappa": 0.9456756711006165,
                "classification": "[0.994077, 0.961754, 0.955534, 0.976264, 0.780435, 0.802432, 0.665033]"
            }
        },
        "stripes_data": {
            "test": {
                "oa": 0.9654357433319092,
                "aa": 0.8564778959648034,
                "kappa": 0.9509861469268799,
                "classification": "[0.992689, 0.981166, 0.911068, 0.979196, 0.763043, 0.721125, 0.647059]"
            }
        },
        "poisson_data": {
            "test": {
                "oa": 0.9676070213317871,
                "aa": 0.8640886694955892,
                "kappa": 0.9540431499481201,
                "classification": "[0.993244, 0.982732, 0.925673, 0.979522, 0.771739, 0.746201, 0.649510]"
            }
        },
        "salt_pepper_data": {
            "test": {
                "oa": 0.9653080701828003,
                "aa": 0.8538468134236311,
                "kappa": 0.9507925510406494,
                "classification": "[0.990468, 0.982690, 0.906199, 0.979475, 0.756522, 0.711246, 0.650327]"
            }
        },
        "zmguass_data": {
            "test": {
                "oa": 0.9179399013519287,
                "aa": 0.7424334962266299,
                "kappa": 0.8845164775848389,
                "classification": "[0.852212, 0.980341, 0.588770, 0.977799, 0.734783, 0.420973, 0.642157]"
            }
        }
    }
}