{
    "report1": {
        "eval": {
            "The Training time is: ": "32.34851239522298",
            "name": "Augsburg",
            "batchsize": 64,
            "epoch": 200,
            "LR": 0.0005,
            "seed": 0,
            "Best test acc": 0.9658827781677246,
            "oa": 0.9658827781677246,
            "aa": 0.8508997080299177,
            "kappa": 0.9515727162361145,
            "classification": "[0.991116, 0.984669, 0.894515, 0.981430, 0.767391, 0.709726, 0.627451]"
        }
    },
    "report2_by_noise": {
        "additive_data": {
            "test": {
                "oa": 0.922665536403656,
                "aa": 0.7313720554366733,
                "kappa": 0.890878438949585,
                "classification": "[0.892837, 0.982690, 0.525479, 0.982081, 0.756522, 0.363982, 0.616013]"
            }
        },
        "deadlines_data": {
            "test": {
                "oa": 0.9641904830932617,
                "aa": 0.8411703620990522,
                "kappa": 0.9491636157035828,
                "classification": "[0.991024, 0.985369, 0.864005, 0.982128, 0.758696, 0.687690, 0.619281]"
            }
        },
        "kernal_data": {
            "test": {
                "oa": 0.9533821940422058,
                "aa": 0.8723988988296335,
                "kappa": 0.9344651103019714,
                "classification": "[0.991764, 0.939499, 0.951639, 0.979056, 0.769565, 0.829027, 0.646242]"
            }
        },
        "stripes_data": {
            "test": {
                "oa": 0.964350163936615,
                "aa": 0.8426098595605291,
                "kappa": 0.9493899941444397,
                "classification": "[0.990746, 0.985658, 0.870821, 0.981756, 0.771739, 0.671733, 0.625817]"
            }
        },
        "poisson_data": {
            "test": {
                "oa": 0.9658189415931702,
                "aa": 0.8500253469553515,
                "kappa": 0.9514808058738708,
                "classification": "[0.991116, 0.984710, 0.893541, 0.981569, 0.765217, 0.708207, 0.625817]"
            }
        },
        "salt_pepper_data": {
            "test": {
                "oa": 0.9637753963470459,
                "aa": 0.8365436160273675,
                "kappa": 0.9485655426979065,
                "classification": "[0.990191, 0.986276, 0.862058, 0.982361, 0.756522, 0.665653, 0.612745]"
            }
        },
        "zmguass_data": {
            "test": {
                "oa": 0.9260022044181824,
                "aa": 0.7305534428827348,
                "kappa": 0.8954750895500183,
                "classification": "[0.919212, 0.982814, 0.502759, 0.982174, 0.754348, 0.354103, 0.618464]"
            }
        }
    }
}