{
    "report1": {
        "eval": {
            "The Training time is: ": "214.38551979064943",
            "name": "Augsburg",
            "batchsize": 64,
            "epoch": 200,
            "LR": 0.0005,
            "seed": 0,
            "oa": 0.9737375378608704,
            "aa": 0.8680849353317323,
            "kappa": 0.9626485109329224,
            "classification": "[0.990561, 0.991180, 0.958780, 0.983431, 0.717391, 0.731003, 0.704248]"
        }
    },
    "report2_by_noise": {
        "additive_data": {
            "test": {
                "oa": 0.8029599189758301,
                "aa": 0.585771838820235,
                "kappa": 0.7312491536140442,
                "classification": "[0.529798, 0.922148, 0.124310, 0.952062, 0.760870, 0.142097, 0.669118]"
            }
        },
        "deadlines_data": {
            "test": {
                "oa": 0.8482366800308228,
                "aa": 0.7102088899123026,
                "kappa": 0.7937071919441223,
                "classification": "[0.855913, 0.884685, 0.564752, 0.886252, 0.758696, 0.381459, 0.639706]"
            }
        },
        "kernal_data": {
            "test": {
                "oa": 0.9553139805793762,
                "aa": 0.8543025463366922,
                "kappa": 0.9370641708374023,
                "classification": "[0.991579, 0.951327, 0.962025, 0.975286, 0.676087, 0.731003, 0.692810]"
            }
        },
        "stripes_data": {
            "test": {
                "oa": 0.8731899857521057,
                "aa": 0.8023815614698554,
                "kappa": 0.8277363181114197,
                "classification": "[0.940866, 0.865603, 0.852321, 0.878060, 0.752174, 0.662614, 0.665033]"
            }
        },
        "poisson_data": {
            "test": {
                "oa": 0.9737375378608704,
                "aa": 0.8679583824085775,
                "kappa": 0.9626477956771851,
                "classification": "[0.990561, 0.991139, 0.957806, 0.983617, 0.717391, 0.731763, 0.703431]"
            }
        },
        "salt_pepper_data": {
            "test": {
                "oa": 0.8738764524459839,
                "aa": 0.7102350966310479,
                "kappa": 0.8256349563598633,
                "classification": "[0.781140, 0.940694, 0.540084, 0.939123, 0.745652, 0.341945, 0.683007]"
            }
        },
        "zmguass_data": {
            "test": {
                "oa": 0.7939397096633911,
                "aa": 0.5813950229337418,
                "kappa": 0.7193760275840759,
                "classification": "[0.449102, 0.941312, 0.178189, 0.937401, 0.760870, 0.155015, 0.647876]"
            }
        }
    }
}