{
    "report1": {
        "eval": {
            "The Training time is: ": "29.610101048151652",
            "name": "Augsburg",
            "batchsize": 64,
            "epoch": 200,
            "LR": 0.0005,
            "seed": 0,
            "Best test acc": 0.9703530073165894,
            "oa": 0.9703530073165894,
            "aa": 0.8730142131953442,
            "kappa": 0.9579278826713562,
            "classification": "[0.994355, 0.982113, 0.946771, 0.980918, 0.734783, 0.783435, 0.688725]"
        }
    },
    "report2_by_noise": {
        "additive_data": {
            "test": {
                "oa": 0.9121764898300171,
                "aa": 0.6782301887244971,
                "kappa": 0.8761324882507324,
                "classification": "[0.919212, 0.980382, 0.284972, 0.980918, 0.654348, 0.265198, 0.662582]"
            }
        },
        "deadlines_data": {
            "test": {
                "oa": 0.9565911293029785,
                "aa": 0.822989929480845,
                "kappa": 0.9384994506835938,
                "classification": "[0.983065, 0.981949, 0.806881, 0.977660, 0.713043, 0.650456, 0.647876]"
            }
        },
        "kernal_data": {
            "test": {
                "oa": 0.9658987522125244,
                "aa": 0.8778180068128448,
                "kappa": 0.9517547488212585,
                "classification": "[0.993337, 0.967771, 0.958455, 0.980732, 0.736957, 0.824468, 0.683007]"
            }
        },
        "stripes_data": {
            "test": {
                "oa": 0.9675590991973877,
                "aa": 0.8649889762731853,
                "kappa": 0.9539953470230103,
                "classification": "[0.993522, 0.979022, 0.922752, 0.981430, 0.723913, 0.771277, 0.683007]"
            }
        },
        "poisson_data": {
            "test": {
                "oa": 0.9702412486076355,
                "aa": 0.8725656620433933,
                "kappa": 0.9577711820602417,
                "classification": "[0.994355, 0.981907, 0.946771, 0.980918, 0.732609, 0.782675, 0.688725]"
            }
        },
        "salt_pepper_data": {
            "test": {
                "oa": 0.9656432867050171,
                "aa": 0.8469654765174648,
                "kappa": 0.9512265920639038,
                "classification": "[0.991024, 0.984998, 0.872119, 0.982128, 0.715217, 0.705167, 0.678105]"
            }
        },
        "zmguass_data": {
            "test": {
                "oa": 0.9068122506141663,
                "aa": 0.679127116100001,
                "kappa": 0.8688039183616638,
                "classification": "[0.868221, 0.981330, 0.352808, 0.980313, 0.643478, 0.276596, 0.651144]"
            }
        }
    }
}