{
    "report1": {
        "eval": {
            "The Training time is: ": "23.171166384220122",
            "name": "Augsburg",
            "batchsize": 64,
            "epoch": 200,
            "LR": 0.0005,
            "seed": 0,
            "Best test acc": 0.9646694660186768,
            "oa": 0.9646694660186768,
            "aa": 0.851498599810591,
            "kappa": 0.9499207735061646,
            "classification": "[0.986119, 0.987141, 0.914638, 0.970353, 0.654348, 0.823708, 0.624183]"
        }
    },
    "report2_by_noise": {
        "additive_data": {
            "test": {
                "oa": 0.34104442596435547,
                "aa": 0.17994040360193803,
                "kappa": 0.2538434863090515,
                "classification": "[0.232741, 0.454830, 0.006816, 0.353719, 0.091304, 0.009878, 0.110294]"
            }
        },
        "deadlines_data": {
            "test": {
                "oa": 0.3957086205482483,
                "aa": 0.2880267509508325,
                "kappa": 0.31052324175834656,
                "classification": "[0.375069, 0.422601, 0.412853, 0.406451, 0.032609, 0.111702, 0.254902]"
            }
        },
        "kernal_data": {
            "test": {
                "oa": 0.8692306280136108,
                "aa": 0.6260947954592696,
                "kappa": 0.821137547492981,
                "classification": "[0.928651, 0.898038, 0.864330, 0.884669, 0.091304, 0.348024, 0.367647]"
            }
        },
        "stripes_data": {
            "test": {
                "oa": 0.5807908773422241,
                "aa": 0.4290633006134804,
                "kappa": 0.4895270764827728,
                "classification": "[0.682769, 0.594997, 0.408958, 0.577027, 0.052174, 0.439970, 0.247549]"
            }
        },
        "poisson_data": {
            "test": {
                "oa": 0.9645895957946777,
                "aa": 0.8519644570829961,
                "kappa": 0.9498103857040405,
                "classification": "[0.986582, 0.986935, 0.915612, 0.970167, 0.663043, 0.822948, 0.618464]"
            }
        },
        "salt_pepper_data": {
            "test": {
                "oa": 0.4956974387168884,
                "aa": 0.3247465558317325,
                "kappa": 0.40340089797973633,
                "classification": "[0.690080, 0.587249, 0.151250, 0.386624, 0.028261, 0.336626, 0.093137]"
            }
        },
        "zmguass_data": {
            "test": {
                "oa": 0.41973593831062317,
                "aa": 0.20053255009409307,
                "kappa": 0.3208038806915283,
                "classification": "[0.196002, 0.489243, 0.013307, 0.563762, 0.036957, 0.034195, 0.070261]"
            }
        }
    }
}