{
    "report1": {
        "eval": {
            "The Training time is: ": "2.8852792263031004",
            "name": "Augsburg",
            "batchsize": 64,
            "epoch": 2,
            "LR": 0.001,
            "seed": 0,
            "Best test acc": 0.7471941709518433,
            "oa": 0.7471941709518433,
            "aa": 0.34681921342249067,
            "kappa": 0.6631758213043213,
            "classification": "[0.715806, 0.826657, 0.000649, 0.884623, 0.000000, 0.000000, 0.000000]"
        }
    },
    "report2_by_noise": {
        "additive_data": {
            "test": {
                "oa": 0.7379663586616516,
                "aa": 0.33989736401827264,
                "kappa": 0.651794970035553,
                "classification": "[0.672034, 0.820763, 0.000000, 0.886484, 0.000000, 0.000000, 0.000000]"
            }
        },
        "deadlines_data": {
            "test": {
                "oa": 0.7465236186981201,
                "aa": 0.34632947782506396,
                "kappa": 0.6623496413230896,
                "classification": "[0.712660, 0.825956, 0.000649, 0.885041, 0.000000, 0.000000, 0.000000]"
            }
        },
        "kernal_data": {
            "test": {
                "oa": 0.7508341670036316,
                "aa": 0.34918591724794884,
                "kappa": 0.6676157712936401,
                "classification": "[0.726818, 0.827234, 0.001298, 0.888951, 0.000000, 0.000000, 0.000000]"
            }
        },
        "stripes_data": {
            "test": {
                "oa": 0.7468429207801819,
                "aa": 0.3465453185061498,
                "kappa": 0.662739098072052,
                "classification": "[0.713955, 0.826451, 0.000649, 0.884762, 0.000000, 0.000000, 0.000000]"
            }
        },
        "poisson_data": {
            "test": {
                "oa": 0.7471781969070435,
                "aa": 0.3468059932538013,
                "kappa": 0.6631557941436768,
                "classification": "[0.715713, 0.826657, 0.000649, 0.884623, 0.000000, 0.000000, 0.000000]"
            }
        },
        "salt_pepper_data": {
            "test": {
                "oa": 0.7453901171684265,
                "aa": 0.3453836799689502,
                "kappa": 0.6609288454055786,
                "classification": "[0.704979, 0.824225, 0.000974, 0.887508, 0.000000, 0.000000, 0.000000]"
            }
        },
        "zmguass_data": {
            "test": {
                "oa": 0.7384772300720215,
                "aa": 0.3401970767797554,
                "kappa": 0.6524099111557007,
                "classification": "[0.673237, 0.820681, 0.000000, 0.887462, 0.000000, 0.000000, 0.000000]"
            }
        }
    }
}