{
    "report1": {
        "eval": {
            "The Training time is: ": "25.963185306390127",
            "name": "Augsburg",
            "batchsize": 64,
            "epoch": 200,
            "LR": 0.0005,
            "seed": 0,
            "oa": 0.9850567579269409,
            "aa": 0.9117891391174151,
            "kappa": 0.9786778092384338,
            "classification": "[0.996021, 0.995054, 0.957806, 0.995811, 0.806522, 0.861702, 0.769608]"
        }
    },
    "report2_by_noise": {
        "additive_data": {
            "test": {
                "oa": 0.13761834800243378,
                "aa": 0.20189089905094812,
                "kappa": 0.10459107160568237,
                "classification": "[0.129002, 0.000165, 0.020123, 0.277018, 0.000000, 0.000000, 0.986928]"
            }
        },
        "deadlines_data": {
            "test": {
                "oa": 0.26683908700942993,
                "aa": 0.29382254375852546,
                "kappa": 0.20728816092014313,
                "classification": "[0.233574, 0.108844, 0.411230, 0.429303, 0.017391, 0.018997, 0.837418]"
            }
        },
        "kernal_data": {
            "test": {
                "oa": 0.732761800289154,
                "aa": 0.6347230901538713,
                "kappa": 0.6584314107894897,
                "classification": "[0.805849, 0.606825, 0.927296, 0.849158, 0.256522, 0.273556, 0.723856]"
            }
        },
        "stripes_data": {
            "test": {
                "oa": 0.5048134326934814,
                "aa": 0.4700799655830549,
                "kappa": 0.41993725299835205,
                "classification": "[0.544050, 0.251855, 0.567673, 0.769524, 0.121739, 0.253040, 0.782680]"
            }
        },
        "poisson_data": {
            "test": {
                "oa": 0.9849929213523865,
                "aa": 0.9114581277430414,
                "kappa": 0.9785864353179932,
                "classification": "[0.996021, 0.995219, 0.957157, 0.995718, 0.808696, 0.859422, 0.767974]"
            }
        },
        "salt_pepper_data": {
            "test": {
                "oa": 0.17457732558250427,
                "aa": 0.2519444409932122,
                "kappa": 0.1348423957824707,
                "classification": "[0.103831, 0.000330, 0.329438, 0.353719, 0.006522, 0.000000, 0.969771]"
            }
        },
        "zmguass_data": {
            "test": {
                "oa": 0.10635886341333389,
                "aa": 0.1820279734664508,
                "kappa": 0.07990031689405441,
                "classification": "[0.041088, 0.000124, 0.022395, 0.230196, 0.000000, 0.000000, 0.980392]"
            }
        }
    }
}