{
    "report1": {
        "eval": {
            "The Training time is: ": "25.451334408919017",
            "name": "Augsburg",
            "batchsize": 64,
            "epoch": 200,
            "LR": 0.0005,
            "seed": 0,
            "oa": 0.9847694039344788,
            "aa": 0.9097296647849112,
            "kappa": 0.9782620668411255,
            "classification": "[0.996298, 0.995755, 0.945797, 0.996742, 0.826087, 0.853343, 0.754085]"
        }
    },
    "report2_by_noise": {
        "additive_data": {
            "test": {
                "oa": 0.16048023104667664,
                "aa": 0.20646236986082464,
                "kappa": 0.12027346342802048,
                "classification": "[0.090505, 0.000000, 0.049659, 0.361445, 0.000000, 0.000000, 0.943627]"
            }
        },
        "deadlines_data": {
            "test": {
                "oa": 0.2614748477935791,
                "aa": 0.27900238508477393,
                "kappa": 0.20220883190631866,
                "classification": "[0.163150, 0.076492, 0.506005, 0.479754, 0.000000, 0.015198, 0.712418]"
            }
        },
        "kernal_data": {
            "test": {
                "oa": 0.8082443475723267,
                "aa": 0.6664638625500577,
                "kappa": 0.7473503947257996,
                "classification": "[0.952341, 0.697742, 0.970140, 0.894722, 0.302174, 0.161854, 0.686275]"
            }
        },
        "stripes_data": {
            "test": {
                "oa": 0.5054839849472046,
                "aa": 0.49540589325977524,
                "kappa": 0.4237745404243469,
                "classification": "[0.615769, 0.249052, 0.770529, 0.712557, 0.147826, 0.251520, 0.720588]"
            }
        },
        "poisson_data": {
            "test": {
                "oa": 0.9846576452255249,
                "aa": 0.9091294157375387,
                "kappa": 0.978102445602417,
                "classification": "[0.996298, 0.995837, 0.943849, 0.996742, 0.826087, 0.851824, 0.753268]"
            }
        },
        "salt_pepper_data": {
            "test": {
                "oa": 0.2186088114976883,
                "aa": 0.297498091093197,
                "kappa": 0.17147600650787354,
                "classification": "[0.127429, 0.000000, 0.584226, 0.436191, 0.000000, 0.000000, 0.934641]"
            }
        },
        "zmguass_data": {
            "test": {
                "oa": 0.1666906177997589,
                "aa": 0.20440622294540223,
                "kappa": 0.12298782914876938,
                "classification": "[0.016750, 0.000000, 0.066212, 0.414875, 0.000000, 0.000000, 0.933007]"
            }
        }
    }
}