{
    "report1": {
        "eval": {
            "The Training time is: ": "23.280773238341013",
            "name": "Augsburg",
            "batchsize": 64,
            "epoch": 200,
            "LR": 0.0005,
            "seed": 0,
            "Best test acc": 0.9634401202201843,
            "oa": 0.9634401202201843,
            "aa": 0.8578403724859199,
            "kappa": 0.9481903910636902,
            "classification": "[0.979086, 0.984092, 0.878286, 0.975193, 0.682609, 0.794833, 0.710784]"
        }
    },
    "report2_by_noise": {
        "additive_data": {
            "test": {
                "oa": 0.4032760262489319,
                "aa": 0.185864850101534,
                "kappa": 0.3026300370693207,
                "classification": "[0.178234, 0.703058, 0.000000, 0.284418, 0.002174, 0.000000, 0.133170]"
            }
        },
        "deadlines_data": {
            "test": {
                "oa": 0.4135734438896179,
                "aa": 0.20004625749967483,
                "kappa": 0.31249040365219116,
                "classification": "[0.154451, 0.660155, 0.035378, 0.367262, 0.017391, 0.078267, 0.087418]"
            }
        },
        "kernal_data": {
            "test": {
                "oa": 0.8868719935417175,
                "aa": 0.652666032592612,
                "kappa": 0.8439265489578247,
                "classification": "[0.954285, 0.911391, 0.682571, 0.917248, 0.117391, 0.580547, 0.405229]"
            }
        },
        "stripes_data": {
            "test": {
                "oa": 0.5851972699165344,
                "aa": 0.3960984567062404,
                "kappa": 0.49037131667137146,
                "classification": "[0.682306, 0.667079, 0.102564, 0.553570, 0.104348, 0.290274, 0.372549]"
            }
        },
        "poisson_data": {
            "test": {
                "oa": 0.9634401202201843,
                "aa": 0.8596483131480152,
                "kappa": 0.9481942653656006,
                "classification": "[0.979641, 0.983638, 0.876988, 0.975193, 0.693478, 0.798632, 0.709967]"
            }
        },
        "salt_pepper_data": {
            "test": {
                "oa": 0.4691157042980194,
                "aa": 0.24342396208738343,
                "kappa": 0.36895090341567993,
                "classification": "[0.467333, 0.762034, 0.019150, 0.257889, 0.002174, 0.041793, 0.153595]"
            }
        },
        "zmguass_data": {
            "test": {
                "oa": 0.4791736602783203,
                "aa": 0.19883592777646167,
                "kappa": 0.3699440062046051,
                "classification": "[0.118730, 0.735452, 0.000000, 0.505352, 0.015217, 0.000760, 0.016340]"
            }
        }
    }
}