{
    "report1": {
        "eval": {
            "name": "Augsburg",
            "batchsize": 64,
            "epoch": 200,
            "LR": 0.0005,
            "seed": 0,
            "oa": 0.9601672887802124,
            "aa": 0.845575964112086,
            "kappa": 0.9435799717903137,
            "classification": "[0.986119, 0.979764, 0.868549, 0.976776, 0.771739, 0.648176, 0.687908]"
        }
    },
    "report2_by_noise": {
        "additive_data": {
            "test": {
                "oa": 0.9449366927146912,
                "aa": 0.7869740384207501,
                "kappa": 0.9220460057258606,
                "classification": "[0.975199, 0.982855, 0.637455, 0.977986, 0.769565, 0.479483, 0.686275]"
            }
        },
        "deadlines_data": {
            "test": {
                "oa": 0.9567028880119324,
                "aa": 0.8322344114925306,
                "kappa": 0.9386987090110779,
                "classification": "[0.985193, 0.978487, 0.828627, 0.977101, 0.763043, 0.610182, 0.683007]"
            }
        },
        "kernal_data": {
            "test": {
                "oa": 0.9609176516532898,
                "aa": 0.8756728567976688,
                "kappa": 0.944799542427063,
                "classification": "[0.989080, 0.964721, 0.926323, 0.976403, 0.778261, 0.784954, 0.709967]"
            }
        },
        "stripes_data": {
            "test": {
                "oa": 0.959017813205719,
                "aa": 0.8404879076380175,
                "kappa": 0.9419518709182739,
                "classification": "[0.986489, 0.979847, 0.848101, 0.977055, 0.771739, 0.631459, 0.688725]"
            }
        },
        "poisson_data": {
            "test": {
                "oa": 0.960103452205658,
                "aa": 0.845390495572187,
                "kappa": 0.9434898495674133,
                "classification": "[0.986119, 0.979764, 0.867251, 0.976776, 0.771739, 0.648176, 0.687908]"
            }
        },
        "salt_pepper_data": {
            "test": {
                "oa": 0.957133948802948,
                "aa": 0.8306308244653611,
                "kappa": 0.9392702579498291,
                "classification": "[0.983343, 0.981536, 0.818565, 0.977753, 0.769565, 0.595745, 0.687908]"
            }
        },
        "zmguass_data": {
            "test": {
                "oa": 0.9452240467071533,
                "aa": 0.7873678191906182,
                "kappa": 0.9224478602409363,
                "classification": "[0.976495, 0.982814, 0.638105, 0.978079, 0.769565, 0.480243, 0.686275]"
            }
        }
    }
}