{
    "report1": {
        "eval": {
            "The Training time is: ": "30.911095611254375",
            "name": "Augsburg",
            "batchsize": 64,
            "epoch": 200,
            "LR": 0.0005,
            "seed": 0,
            "Best test acc": 0.9709277153015137,
            "oa": 0.9709277153015137,
            "aa": 0.8863575135819449,
            "kappa": 0.958753228187561,
            "classification": "[0.993522, 0.980836, 0.947095, 0.981197, 0.800000, 0.812310, 0.689542]"
        }
    },
    "report2_by_noise": {
        "additive_data": {
            "test": {
                "oa": 0.908520519733429,
                "aa": 0.7372736583832484,
                "kappa": 0.8714568614959717,
                "classification": "[0.807607, 0.982361, 0.505031, 0.978823, 0.776087, 0.436170, 0.674837]"
            }
        },
        "deadlines_data": {
            "test": {
                "oa": 0.9650685787200928,
                "aa": 0.8705443082059521,
                "kappa": 0.9505037069320679,
                "classification": "[0.988340, 0.977085, 0.901331, 0.980778, 0.797826, 0.772796, 0.675654]"
            }
        },
        "kernal_data": {
            "test": {
                "oa": 0.9546912908554077,
                "aa": 0.8799881000812592,
                "kappa": 0.9362972974777222,
                "classification": "[0.994077, 0.938221, 0.962350, 0.980639, 0.802174, 0.798632, 0.683824]"
            }
        },
        "stripes_data": {
            "test": {
                "oa": 0.9684850573539734,
                "aa": 0.8842581543629964,
                "kappa": 0.9553351998329163,
                "classification": "[0.991949, 0.976137, 0.938656, 0.981383, 0.800000, 0.814590, 0.687092]"
            }
        },
        "poisson_data": {
            "test": {
                "oa": 0.9709117412567139,
                "aa": 0.8863119076775611,
                "kappa": 0.9587305188179016,
                "classification": "[0.993522, 0.980795, 0.946771, 0.981244, 0.800000, 0.812310, 0.689542]"
            }
        },
        "salt_pepper_data": {
            "test": {
                "oa": 0.9676229953765869,
                "aa": 0.8781190734234557,
                "kappa": 0.9540985822677612,
                "classification": "[0.987229, 0.978528, 0.926323, 0.981802, 0.793478, 0.794833, 0.684641]"
            }
        },
        "zmguass_data": {
            "test": {
                "oa": 0.9082650542259216,
                "aa": 0.7347287095186987,
                "kappa": 0.8711062073707581,
                "classification": "[0.808625, 0.981619, 0.501785, 0.979196, 0.760870, 0.436170, 0.674837]"
            }
        }
    }
}