{
    "report1": {
        "eval": {
            "The Training time is: ": "32.219165190060934",
            "name": "Augsburg",
            "batchsize": 64,
            "epoch": 200,
            "LR": 0.001,
            "seed": 0,
            "Best test acc": 0.8272426724433899,
            "oa": 0.8272426724433899,
            "aa": 0.420551941930878,
            "kappa": 0.7635418772697449,
            "classification": "[0.962798, 0.926888, 0.092827, 0.861677, 0.000000, 0.000000, 0.099673]"
        }
    },
    "report2_by_noise": {
        "additive_data": {
            "test": {
                "oa": 0.8245605826377869,
                "aa": 0.4197996943673487,
                "kappa": 0.7601804733276367,
                "classification": "[0.959097, 0.923014, 0.097371, 0.859443, 0.000000, 0.000000, 0.099673]"
            }
        },
        "deadlines_data": {
            "test": {
                "oa": 0.8267956376075745,
                "aa": 0.42069242009348146,
                "kappa": 0.7629947066307068,
                "classification": "[0.963631, 0.925981, 0.092178, 0.860933, 0.000000, 0.000000, 0.102124]"
            }
        },
        "kernal_data": {
            "test": {
                "oa": 0.8281527161598206,
                "aa": 0.42110001883468884,
                "kappa": 0.7647588849067688,
                "classification": "[0.969832, 0.924744, 0.092502, 0.863399, 0.000000, 0.000000, 0.097222]"
            }
        },
        "stripes_data": {
            "test": {
                "oa": 0.8267477750778198,
                "aa": 0.4203946594903426,
                "kappa": 0.7629338502883911,
                "classification": "[0.963724, 0.925651, 0.092502, 0.861212, 0.000000, 0.000000, 0.099673]"
            }
        },
        "poisson_data": {
            "test": {
                "oa": 0.8267158269882202,
                "aa": 0.4203697416141461,
                "kappa": 0.7628923654556274,
                "classification": "[0.963539, 0.925569, 0.092502, 0.861305, 0.000000, 0.000000, 0.099673]"
            }
        },
        "salt_pepper_data": {
            "test": {
                "oa": 0.82673180103302,
                "aa": 0.42041278407237115,
                "kappa": 0.762911856174469,
                "classification": "[0.963631, 0.926105, 0.092827, 0.860653, 0.000000, 0.000000, 0.099673]"
            }
        },
        "zmguass_data": {
            "test": {
                "oa": 0.8248319625854492,
                "aa": 0.41988031602783205,
                "kappa": 0.7605120539665222,
                "classification": "[0.959004, 0.923920, 0.096397, 0.859350, 0.000000, 0.000000, 0.100490]"
            }
        }
    }
}