{
    "report1": {
        "eval": {
            "The Training time is: ": "424.0286775271098",
            "name": "Augsburg",
            "batchsize": 64,
            "epoch": 200,
            "LR": 0.0005,
            "seed": 0,
            "oa": 0.9722528457641602,
            "aa": 0.8780044026511178,
            "kappa": 0.9605921506881714,
            "classification": "[0.990653, 0.983886, 0.941253, 0.984362, 0.728261, 0.852584, 0.665033]"
        }
    },
    "report2_by_noise": {
        "additive_data": {
            "test": {
                "oa": 0.8734613656997681,
                "aa": 0.6209627985416971,
                "kappa": 0.8250720500946045,
                "classification": "[0.966778, 0.880605, 0.242778, 0.975565, 0.519565, 0.184650, 0.576797]"
            }
        },
        "deadlines_data": {
            "test": {
                "oa": 0.8434471487998962,
                "aa": 0.681438209954582,
                "kappa": 0.7880911827087402,
                "classification": "[0.872016, 0.816271, 0.580331, 0.942707, 0.513043, 0.468085, 0.577614]"
            }
        },
        "kernal_data": {
            "test": {
                "oa": 0.946437418460846,
                "aa": 0.8347025853170956,
                "kappa": 0.9247324466705322,
                "classification": "[0.983250, 0.965381, 0.898410, 0.947082, 0.606522, 0.778875, 0.663399]"
            }
        },
        "stripes_data": {
            "test": {
                "oa": 0.8758082389831543,
                "aa": 0.7614706631032552,
                "kappa": 0.8310273289680481,
                "classification": "[0.943828, 0.807204, 0.825381, 0.962487, 0.532609, 0.698328, 0.560458]"
            }
        },
        "poisson_data": {
            "test": {
                "oa": 0.9720931649208069,
                "aa": 0.87700049173976,
                "kappa": 0.9603665471076965,
                "classification": "[0.990653, 0.983803, 0.940279, 0.984315, 0.723913, 0.851824, 0.664216]"
            }
        },
        "salt_pepper_data": {
            "test": {
                "oa": 0.9075626134872437,
                "aa": 0.7620881303742213,
                "kappa": 0.8718866109848022,
                "classification": "[0.958727, 0.888765, 0.732230, 0.971144, 0.573913, 0.599544, 0.610294]"
            }
        },
        "zmguass_data": {
            "test": {
                "oa": 0.8853552937507629,
                "aa": 0.646246186436893,
                "kappa": 0.8408805131912231,
                "classification": "[0.928651, 0.909207, 0.401168, 0.969608, 0.454348, 0.309271, 0.551471]"
            }
        }
    }
}