{
    "report1": {
        "eval": {
            "The Training time is: ": "34.53727616071701",
            "name": "Augsburg",
            "batchsize": 64,
            "epoch": 200,
            "LR": 0.0005,
            "seed": 0,
            "Best test acc": 0.9637115597724915,
            "oa": 0.9637115597724915,
            "aa": 0.8462624722650561,
            "kappa": 0.9485159516334534,
            "classification": "[0.988988, 0.982608, 0.863681, 0.982268, 0.750000, 0.694529, 0.661765]"
        }
    },
    "report2_by_noise": {
        "additive_data": {
            "test": {
                "oa": 0.9454954862594604,
                "aa": 0.7916570652775489,
                "kappa": 0.9228194355964661,
                "classification": "[0.950583, 0.984050, 0.677053, 0.983105, 0.743478, 0.544833, 0.658497]"
            }
        },
        "deadlines_data": {
            "test": {
                "oa": 0.9623385667800903,
                "aa": 0.8396614025236653,
                "kappa": 0.946572482585907,
                "classification": "[0.987322, 0.982649, 0.853294, 0.982454, 0.745652, 0.670213, 0.656046]"
            }
        },
        "kernal_data": {
            "test": {
                "oa": 0.9644299745559692,
                "aa": 0.8734333126741712,
                "kappa": 0.949668824672699,
                "classification": "[0.991209, 0.970656, 0.929893, 0.979196, 0.756522, 0.809271, 0.677288]"
            }
        },
        "stripes_data": {
            "test": {
                "oa": 0.962482213973999,
                "aa": 0.8399929139340392,
                "kappa": 0.9467724561691284,
                "classification": "[0.989450, 0.982732, 0.846478, 0.982361, 0.747826, 0.670973, 0.660131]"
            }
        },
        "poisson_data": {
            "test": {
                "oa": 0.963663637638092,
                "aa": 0.8457266458469156,
                "kappa": 0.9484479427337646,
                "classification": "[0.988988, 0.982608, 0.863681, 0.982268, 0.747826, 0.693769, 0.660948]"
            }
        },
        "salt_pepper_data": {
            "test": {
                "oa": 0.9622427821159363,
                "aa": 0.8401722148147274,
                "kappa": 0.9464346766471863,
                "classification": "[0.985656, 0.983020, 0.847777, 0.982686, 0.743478, 0.680091, 0.658497]"
            }
        },
        "zmguass_data": {
            "test": {
                "oa": 0.9457828402519226,
                "aa": 0.7911057324808306,
                "kappa": 0.923216700553894,
                "classification": "[0.954655, 0.984092, 0.669912, 0.982919, 0.743478, 0.542553, 0.660131]"
            }
        }
    }
}