{
    "report1": {
        "eval": {
            "The Training time is: ": "28.719965267181397",
            "name": "Augsburg",
            "batchsize": 64,
            "epoch": 200,
            "LR": 0.0005,
            "seed": 0,
            "Best test acc": 0.9729073643684387,
            "oa": 0.9729073643684387,
            "aa": 0.8734726105396705,
            "kappa": 0.9614953994750977,
            "classification": "[0.990283, 0.987512, 0.952613, 0.983896, 0.732609, 0.759878, 0.707516]"
        }
    },
    "report2_by_noise": {
        "additive_data": {
            "test": {
                "oa": 0.7926943898200989,
                "aa": 0.5297749448716951,
                "kappa": 0.7172454595565796,
                "classification": "[0.503331, 0.955201, 0.067835, 0.918412, 0.595652, 0.025836, 0.642157]"
            }
        },
        "deadlines_data": {
            "test": {
                "oa": 0.8736369609832764,
                "aa": 0.7014741450829004,
                "kappa": 0.8258029222488403,
                "classification": "[0.866556, 0.957674, 0.538137, 0.878293, 0.639130, 0.398176, 0.632353]"
            }
        },
        "kernal_data": {
            "test": {
                "oa": 0.9597522020339966,
                "aa": 0.8676153066001143,
                "kappa": 0.9432203769683838,
                "classification": "[0.990098, 0.956891, 0.958130, 0.978405, 0.693478, 0.810030, 0.686275]"
            }
        },
        "stripes_data": {
            "test": {
                "oa": 0.9232881665229797,
                "aa": 0.8153238661708805,
                "kappa": 0.8931643962860107,
                "classification": "[0.952711, 0.952563, 0.875041, 0.917528, 0.663043, 0.663374, 0.683007]"
            }
        },
        "poisson_data": {
            "test": {
                "oa": 0.9728595018386841,
                "aa": 0.8730181117449769,
                "kappa": 0.9614265561103821,
                "classification": "[0.990283, 0.987595, 0.951639, 0.983943, 0.732609, 0.758359, 0.706699]"
            }
        },
        "salt_pepper_data": {
            "test": {
                "oa": 0.9155930280685425,
                "aa": 0.7585166510897052,
                "kappa": 0.8820816278457642,
                "classification": "[0.919767, 0.983844, 0.742941, 0.908359, 0.602174, 0.492401, 0.660131]"
            }
        },
        "zmguass_data": {
            "test": {
                "oa": 0.7590721249580383,
                "aa": 0.5076110452313298,
                "kappa": 0.6746901273727417,
                "classification": "[0.351194, 0.960394, 0.112950, 0.886158, 0.608696, 0.044833, 0.589052]"
            }
        }
    }
}