{
    "report1": {
        "eval": {
            "The Training time is: ": "35.52602311372757",
            "name": "Augsburg",
            "batchsize": 64,
            "epoch": 200,
            "LR": 0.0005,
            "seed": 0,
            "Best test acc": 0.9598799347877502,
            "oa": 0.9598799347877502,
            "aa": 0.8461012388484713,
            "kappa": 0.9431542158126831,
            "classification": "[0.990191, 0.980465, 0.802661, 0.977893, 0.750000, 0.707447, 0.714052]"
        }
    },
    "report2_by_noise": {
        "additive_data": {
            "test": {
                "oa": 0.9536855220794678,
                "aa": 0.8248957482088903,
                "kappa": 0.9343974590301514,
                "classification": "[0.983990, 0.981001, 0.706264, 0.979103, 0.750000, 0.655775, 0.718137]"
            }
        },
        "deadlines_data": {
            "test": {
                "oa": 0.9581716656684875,
                "aa": 0.8392974345619242,
                "kappa": 0.9407352209091187,
                "classification": "[0.990006, 0.980506, 0.770529, 0.978451, 0.747826, 0.694529, 0.713235]"
            }
        },
        "kernal_data": {
            "test": {
                "oa": 0.9621469974517822,
                "aa": 0.8678296500255124,
                "kappa": 0.9464455246925354,
                "classification": "[0.990561, 0.973088, 0.879909, 0.976450, 0.750000, 0.794833, 0.709967]"
            }
        },
        "stripes_data": {
            "test": {
                "oa": 0.9592413306236267,
                "aa": 0.8431060677817678,
                "kappa": 0.9422487616539001,
                "classification": "[0.990191, 0.980465, 0.791951, 0.978218, 0.750000, 0.696049, 0.714869]"
            }
        },
        "poisson_data": {
            "test": {
                "oa": 0.9598639607429504,
                "aa": 0.8459132482141095,
                "kappa": 0.9431308507919312,
                "classification": "[0.990191, 0.980465, 0.802012, 0.977986, 0.750000, 0.706687, 0.714052]"
            }
        },
        "salt_pepper_data": {
            "test": {
                "oa": 0.9588262438774109,
                "aa": 0.8417494704960256,
                "kappa": 0.941659152507782,
                "classification": "[0.989820, 0.980671, 0.782538, 0.978405, 0.752174, 0.693769, 0.714869]"
            }
        },
        "zmguass_data": {
            "test": {
                "oa": 0.9530469179153442,
                "aa": 0.8231794002628082,
                "kappa": 0.9334998726844788,
                "classification": "[0.983805, 0.980836, 0.697825, 0.978917, 0.750000, 0.652736, 0.718137]"
            }
        }
    }
}