{
    "report1": {
        "eval": {
            "The Training time is: ": "31.666959702968597",
            "name": "Augsburg",
            "batchsize": 64,
            "epoch": 200,
            "LR": 0.0005,
            "seed": 0,
            "Best test acc": 0.9699219465255737,
            "oa": 0.9699219465255737,
            "aa": 0.8835652259536427,
            "kappa": 0.9573488235473633,
            "classification": "[0.991856, 0.980918, 0.955534, 0.978172, 0.771739, 0.801672, 0.705065]"
        }
    },
    "report2_by_noise": {
        "additive_data": {
            "test": {
                "oa": 0.9231444597244263,
                "aa": 0.7656018848689236,
                "kappa": 0.8918015360832214,
                "classification": "[0.847400, 0.984009, 0.667965, 0.974588, 0.730435, 0.462006, 0.692810]"
            }
        },
        "deadlines_data": {
            "test": {
                "oa": 0.9639509916305542,
                "aa": 0.8718435823606097,
                "kappa": 0.9489984512329102,
                "classification": "[0.988432, 0.972552, 0.939955, 0.976450, 0.747826, 0.775076, 0.702614]"
            }
        },
        "kernal_data": {
            "test": {
                "oa": 0.9524722099304199,
                "aa": 0.8863886141842892,
                "kappa": 0.9332874417304993,
                "classification": "[0.992874, 0.932699, 0.955209, 0.977893, 0.791304, 0.858663, 0.696078]"
            }
        },
        "stripes_data": {
            "test": {
                "oa": 0.9682296514511108,
                "aa": 0.8778167282331449,
                "kappa": 0.9549674391746521,
                "classification": "[0.990931, 0.979476, 0.946771, 0.978079, 0.765217, 0.785714, 0.698529]"
            }
        },
        "poisson_data": {
            "test": {
                "oa": 0.9699059724807739,
                "aa": 0.8838235302077156,
                "kappa": 0.9573266506195068,
                "classification": "[0.991856, 0.980877, 0.955209, 0.978172, 0.773913, 0.801672, 0.705065]"
            }
        },
        "salt_pepper_data": {
            "test": {
                "oa": 0.966936469078064,
                "aa": 0.8763753199172009,
                "kappa": 0.9531524181365967,
                "classification": "[0.985378, 0.979558, 0.945148, 0.977101, 0.758696, 0.791033, 0.697712]"
            }
        },
        "zmguass_data": {
            "test": {
                "oa": 0.9183549880981445,
                "aa": 0.7622106197169801,
                "kappa": 0.8852573037147522,
                "classification": "[0.832871, 0.979558, 0.661798, 0.973611, 0.728261, 0.466565, 0.692810]"
            }
        }
    }
}