{
    "report1": {
        "eval": {
            "The Training time is: ": "4.228805243968964",
            "name": "Houston",
            "batchsize": 64,
            "epoch": 200,
            "LR": 0.0005,
            "seed": 0,
            "Best test acc": 0.9736492037773132,
            "oa": 0.9736492037773132,
            "aa": 0.9738982810462375,
            "kappa": 0.971575140953064,
            "classification": "[0.970030, 0.948207, 0.969534, 0.980924, 0.990946, 0.973077, 0.968473, 0.957831, 0.959082, 1.000000, 0.993927, 0.965552, 0.944149, 1.000000, 0.986742]"
        }
    },
    "report2_by_noise": {
        "additive_data": {
            "test": {
                "oa": 0.9684122800827026,
                "aa": 0.969190284925173,
                "kappa": 0.9659409523010254,
                "classification": "[0.967033, 0.942231, 0.958781, 0.971888, 0.980885, 0.973077, 0.970443, 0.947791, 0.954092, 1.000000, 0.993927, 0.951368, 0.941489, 1.000000, 0.984848]"
            }
        },
        "deadlines_data": {
            "test": {
                "oa": 0.9728179574012756,
                "aa": 0.973179002408076,
                "kappa": 0.9706805348396301,
                "classification": "[0.969031, 0.949203, 0.967742, 0.978916, 0.989940, 0.973077, 0.965517, 0.957831, 0.958084, 1.000000, 0.993927, 0.963526, 0.944149, 1.000000, 0.986742]"
            }
        },
        "kernal_data": {
            "test": {
                "oa": 0.8718204498291016,
                "aa": 0.8795277694508962,
                "kappa": 0.8629055023193359,
                "classification": "[0.594406, 0.723108, 0.976703, 0.797189, 0.993964, 0.976923, 0.976355, 0.937751, 0.951098, 0.963340, 0.981781, 0.706180, 0.659574, 1.000000, 0.954545]"
            }
        },
        "stripes_data": {
            "test": {
                "oa": 0.9733167290687561,
                "aa": 0.9735733670844551,
                "kappa": 0.9712172150611877,
                "classification": "[0.970030, 0.949203, 0.967742, 0.978916, 0.989940, 0.973077, 0.971429, 0.955823, 0.958084, 1.000000, 0.993927, 0.964539, 0.944149, 1.000000, 0.986742]"
            }
        },
        "poisson_data": {
            "test": {
                "oa": 0.9733167290687561,
                "aa": 0.9734664892741295,
                "kappa": 0.9712170958518982,
                "classification": "[0.970030, 0.949203, 0.967742, 0.978916, 0.990946, 0.973077, 0.968473, 0.957831, 0.959082, 1.000000, 0.993927, 0.964539, 0.941489, 1.000000, 0.986742]"
            }
        },
        "salt_pepper_data": {
            "test": {
                "oa": 0.9697422981262207,
                "aa": 0.970254077184128,
                "kappa": 0.9673712253570557,
                "classification": "[0.971029, 0.943227, 0.962366, 0.976908, 0.983903, 0.973077, 0.970443, 0.948795, 0.955090, 1.000000, 0.993927, 0.951368, 0.938830, 1.000000, 0.984848]"
            }
        },
        "zmguass_data": {
            "test": {
                "oa": 0.9655860066413879,
                "aa": 0.9662924015879717,
                "kappa": 0.962901771068573,
                "classification": "[0.965035, 0.934263, 0.956989, 0.967871, 0.970825, 0.973077, 0.972414, 0.945783, 0.955090, 1.000000, 0.993927, 0.948328, 0.933511, 1.000000, 0.977273]"
            }
        }
    }
}