{
    "report1": {
        "eval": {
            "The Training time is: ": "16.891821710268655",
            "name": "MUUFL",
            "batchsize": 64,
            "epoch": 200,
            "LR": 0.0005,
            "seed": 0,
            "Best test acc": 0.9539263844490051,
            "oa": 0.9539263844490051,
            "aa": 0.8411268545898696,
            "kappa": 0.9396445751190186,
            "classification": "[0.981287, 0.951698, 0.919724, 0.954825, 0.971776, 0.943700, 0.937885, 0.979968, 0.620036, 0.074830, 0.916667]"
        }
    },
    "report2_by_noise": {
        "additive_data": {
            "test": {
                "oa": 0.9387702941894531,
                "aa": 0.8143589021419405,
                "kappa": 0.919886589050293,
                "classification": "[0.984245, 0.947014, 0.910280, 0.851472, 0.907477, 0.943700, 0.921097, 0.972957, 0.553249, 0.054422, 0.912037]"
            }
        },
        "deadlines_data": {
            "test": {
                "oa": 0.8962121605873108,
                "aa": 0.7661228393126798,
                "kappa": 0.8650213479995728,
                "classification": "[0.984299, 0.900176, 0.874501, 0.825462, 0.685421, 0.916890, 0.912703, 0.960136, 0.412455, 0.034014, 0.921296]"
            }
        },
        "kernal_data": {
            "test": {
                "oa": 0.9479663968086243,
                "aa": 0.8319098919786605,
                "kappa": 0.931900680065155,
                "classification": "[0.980696, 0.951112, 0.901017, 0.954825, 0.959252, 0.927614, 0.925014, 0.975361, 0.605596, 0.081633, 0.888889]"
            }
        },
        "stripes_data": {
            "test": {
                "oa": 0.8467860221862793,
                "aa": 0.6945006884232372,
                "kappa": 0.8020976781845093,
                "classification": "[0.981771, 0.920082, 0.859789, 0.632444, 0.526729, 0.769437, 0.804141, 0.827925, 0.398917, 0.034014, 0.884259]"
            }
        },
        "poisson_data": {
            "test": {
                "oa": 0.9501315355300903,
                "aa": 0.8321000975609203,
                "kappa": 0.9346940517425537,
                "classification": "[0.981771, 0.936768, 0.911006, 0.950719, 0.967477, 0.943700, 0.939004, 0.979968, 0.583032, 0.047619, 0.912037]"
            }
        },
        "salt_pepper_data": {
            "test": {
                "oa": 0.9393290281295776,
                "aa": 0.8190319470005005,
                "kappa": 0.9206172227859497,
                "classification": "[0.985159, 0.946429, 0.906466, 0.915811, 0.895888, 0.932976, 0.936766, 0.972556, 0.527978, 0.068027, 0.921296]"
            }
        },
        "zmguass_data": {
            "test": {
                "oa": 0.9212161898612976,
                "aa": 0.7933275316598735,
                "kappa": 0.8971444368362427,
                "classification": "[0.986396, 0.956674, 0.899927, 0.822724, 0.790841, 0.922252, 0.913262, 0.966747, 0.508123, 0.047619, 0.912037]"
            }
        }
    }
}