{
    "report1": {
        "eval": {
            "The Training time is: ": "13.067779064178467",
            "name": "Trento",
            "batchsize": 64,
            "epoch": 200,
            "LR": 0.0005,
            "seed": 0,
            "Best test acc": 0.9980558156967163,
            "oa": 0.9980558156967163,
            "aa": 0.9843471306326969,
            "kappa": 0.997407078742981,
            "classification": "[1.000000, 0.996987, 0.911458, 1.000000, 1.000000, 0.997638]"
        }
    },
    "report2_by_noise": {
        "additive_data": {
            "test": {
                "oa": 0.9980144500732422,
                "aa": 0.9842815138347967,
                "kappa": 0.9973520040512085,
                "classification": "[1.000000, 0.996987, 0.911458, 1.000000, 1.000000, 0.997244]"
            }
        },
        "deadlines_data": {
            "test": {
                "oa": 0.9980144500732422,
                "aa": 0.9839192323620843,
                "kappa": 0.997351884841919,
                "classification": "[1.000000, 0.997417, 0.908854, 1.000000, 1.000000, 0.997244]"
            }
        },
        "kernal_data": {
            "test": {
                "oa": 0.9979730844497681,
                "aa": 0.9853027414550338,
                "kappa": 0.9972968697547913,
                "classification": "[1.000000, 0.995695, 0.919271, 1.000000, 1.000000, 0.996850]"
            }
        },
        "stripes_data": {
            "test": {
                "oa": 0.9980144500732422,
                "aa": 0.9842815138347967,
                "kappa": 0.9973520040512085,
                "classification": "[1.000000, 0.996987, 0.911458, 1.000000, 1.000000, 0.997244]"
            }
        },
        "poisson_data": {
            "test": {
                "oa": 0.9980971813201904,
                "aa": 0.9847872879176398,
                "kappa": 0.9974622130393982,
                "classification": "[1.000000, 0.997417, 0.914062, 1.000000, 1.000000, 0.997244]"
            }
        },
        "salt_pepper_data": {
            "test": {
                "oa": 0.9978903532028198,
                "aa": 0.982617149028751,
                "kappa": 0.9971864223480225,
                "classification": "[1.000000, 0.997417, 0.901042, 1.000000, 1.000000, 0.997244]"
            }
        },
        "zmguass_data": {
            "test": {
                "oa": 0.997931718826294,
                "aa": 0.9834134582792412,
                "kappa": 0.9972416758537292,
                "classification": "[1.000000, 0.996987, 0.906250, 1.000000, 1.000000, 0.997244]"
            }
        }
    }
}